word,length,pos,has_okina,has_kahako,bare_form,definition
a,1,conj,0,0,a,and (used between sentences)
e,1,particle,0,0,e,used to mark the following verb as an infinitive; to
i,1,particle,0,0,i,used to mark the following (noun or noun phrase) as a direct object
o,1,conj,0,0,o,"or, lest"
ā,1,prep,0,1,a,"when, at the same time as"
ō,1,noun,0,1,o,"food, provisions, rations"
ū,1,noun,0,1,u,breast
ai,2,verb,0,0,ai,to have sexual intercourse; to copulate
ao,2,noun,0,0,ao,light
au,2,pron,0,0,au,I (personal pronoun)
bē,2,noun,0,1,be,The name of the Latin script letter B/b.
dē,2,noun,0,1,de,The name of the Latin script letter D/d.
ea,2,noun,0,0,ea,"sovereignty, rule"
gā,2,noun,0,1,ga,The name of the Latin script letter G/g.
hā,2,num,0,1,ha,four
hē,2,noun,0,1,he,caterpillar (insect)
hō,2,verb,0,1,ho,"to give, transfer"
hū,2,verb,0,1,hu,"to rise, swell, inflate"
ia,2,det,0,0,ia,"this, that"
iā,2,particle,0,1,ia,"object marker of a verb, used before personal pronouns and personal names"
ko,2,prep,0,0,ko,"of, belonging to first part of possessive constructions, o-type"
kā,2,verb,0,1,ka,"to strike, hit, thrust, dash, hurl (especially with a quick hard stroke)"
kē,2,noun,0,1,ke,complaint
kī,2,noun,0,1,ki,ti (Cordyline fruticosa)
kō,2,noun,0,1,ko,sugar cane (Saccharum officinarum)
kū,2,verb,0,1,ku,"to stand, to rise"
lā,2,noun,0,1,la,sail
ma,2,prep,0,0,ma,"in, at"
me,2,prep,0,0,me,with
mū,2,noun,0,1,mu,any destructive insect
na,2,prep,0,0,na,"for, belonging to, by"
no,2,prep,0,0,no,"for, belonging to, from"
nā,2,verb,0,1,na,"calm, quieted"
nō,2,particle,0,1,no,"very, quite, indeed Used to intensify the preceding word"
nū,2,noun,0,1,nu,grunt
ou,2,pron,0,0,ou,"yours, your Second person singular possessive, o-type."
pā,2,noun,0,1,pa,"fence, wall, enclosure"
pī,2,noun,0,1,pi,stinginess
pō,2,noun,0,1,po,"night, period of darkness after the evening"
pū,2,noun,0,1,pu,"tree, cluster of several stalks"
rō,2,noun,0,1,ro,The name of the Latin script letter R/r.
sā,2,noun,0,1,sa,The name of the Latin script letter S/s.
sē,2,noun,0,1,se,The name of the Latin script letter C/c.
tī,2,noun,0,1,ti,The name of the Latin script letter T/t.
ua,2,particle,0,0,ua,used before a verb to denote completed action
wā,2,verb,0,1,wa,"to make noise, to roar"
wē,2,noun,0,1,we,The name of the Latin script letter W/w.
wī,2,noun,0,1,wi,famine
āu,2,pron,0,1,au,"yours, your Second person singular possessive, a-type."
ʻo,2,particle,1,0,o,Placed at the beginning of nominative phrases to signify that they are declarative
ʻā,2,noun,1,1,a,"fire, burning"
ʻē,2,intj,1,1,e,yes
ʻī,2,noun,1,1,i,saying
ʻō,2,noun,1,1,o,special planted stick for husking coconuts
ʻū,2,noun,1,1,u,"grief, sorrow"
aha,3,pron,0,0,aha,what?
ahi,3,noun,0,0,ahi,fire (oxidation reaction)
aho,3,noun,0,0,aho,"fishing line, cord"
ahu,3,noun,0,0,ahu,"heap, pile, mound"
aia,3,particle,0,0,aia,Used at the beginning of a sentence that describes the location (in space or time) of the subject.
aka,3,verb,0,0,aka,to appear bright
ake,3,noun,0,0,ake,liver (organ of the body)
ako,3,noun,0,0,ako,thatching
aku,3,noun,0,0,aku,"bonito, skipjack tuna (Katsuwonus pelamis)"
akā,3,conj,0,1,aka,but
ala,3,noun,0,0,ala,"way, path, road"
alo,3,noun,0,0,alo,front (facing side)
ama,3,noun,0,0,ama,outrigger float
amo,3,noun,0,0,amo,burden
ana,3,noun,0,0,ana,"cave, cavern"
ane,3,noun,0,0,ane,mite (insect)
ani,3,verb,0,0,ani,to blow softly (as a breeze)
ano,3,noun,0,0,ano,"awe, reverence, peacefulness, sacredness, holiness"
anu,3,verb,0,0,anu,to be cold
auē,3,intj,0,1,aue,wow
awa,3,noun,0,0,awa,"channel, passage"
aʻa,3,noun,1,0,aa,root (of plant)
aʻe,3,noun,1,0,ae,"any of several native Hawaiian trees (Sapindus spp., Zanthoxylum spp.)"
aʻo,3,noun,1,0,ao,instruction
aʻu,3,pron,1,0,au,"mine, my First person singular possessive, a-type."
emi,3,verb,0,0,emi,"to diminish, to reduce, to decrease, to become smaller"
eʻe,3,verb,1,0,ee,"to get on, to board"
hae,3,verb,0,0,hae,to tear
hai,3,verb,0,0,hai,"to offer, to sacrifice"
hao,3,noun,0,0,hao,iron; general name for metal tools; a bit
hau,3,noun,0,0,hau,dew
hea,3,verb,0,0,hea,to call
heo,3,verb,0,0,heo,"proud, haughty"
heu,3,noun,0,0,heu,"down, fuzz"
hio,3,verb,0,0,hio,to blow in gusts
hiu,3,verb,0,0,hiu,"to throw or fling violently, haul energetically with ropes"
hiō,3,verb,0,1,hio,to lean
hoa,3,noun,0,0,hoa,"friend, companion, associate, colleague, comrade, partner, mate, peer"
hoe,3,noun,0,0,hoe,oar
hou,3,verb,0,0,hou,new (recently made or created)
hua,3,noun,0,0,hua,fruit
hue,3,noun,0,0,hue,"bottle gourd, Lagenaria siceraria"
hui,3,noun,0,0,hui,"club, organization"
hūi,3,intj,0,1,hui,halloo
iho,3,noun,0,0,iho,"core, pith"
ihu,3,noun,0,0,ihu,nose (organ of the face)
ili,3,verb,0,0,ili,to run aground
ilo,3,noun,0,0,ilo,"worm, maggot, grub"
imu,3,noun,0,0,imu,"imu (a traditional Hawaiian underground oven, consisting mainly of a hole in the ground)"
inu,3,noun,0,0,inu,a drink
ipu,3,noun,0,0,ipu,bottle gourd (Lagenaria siceraria)
iwa,3,num,0,0,iwa,"nine, ninth"
iwi,3,noun,0,0,iwi,bone
iʻa,3,noun,1,0,ia,fish (vertebrate animal)
kae,3,noun,0,0,kae,excrement
kai,3,noun,0,0,kai,sea
kao,3,noun,0,0,kao,"fishspear, javelin"
kau,3,noun,0,0,kau,season
kea,3,verb,0,0,kea,white
keu,3,verb,0,0,keu,"remaining, spare, surplus, extra"
kia,3,noun,0,0,kia,"pillar, post"
kio,3,verb,0,0,kio,"to cheep, to chirp"
kiu,3,noun,0,0,kiu,"the name of a strong, moderately cold northwesterly wind"
koa,3,noun,0,0,koa,warrior
koi,3,verb,0,0,koi,to urge
kou,3,det,0,0,kou,"your second person singular, o-type"
kua,3,noun,0,0,kua,back
kui,3,verb,0,0,kui,"to thread, to string together"
kāu,3,det,0,1,kau,"your second person singular possessive, a-form"
lae,3,noun,0,0,lae,forehead
lau,3,noun,0,0,lau,leaf; frond; greens
lei,3,noun,0,0,lei,"lei, a wreath of flowers or leaves"
leo,3,noun,0,0,leo,voice; sound
lio,3,noun,0,0,lio,horse
liu,3,noun,0,0,liu,"bilgewater, leakage"
loa,3,noun,0,0,loa,"distance, length"
lua,3,num,0,0,lua,two
mai,3,particle,0,0,mai,"hither, this way, towards the speaker"
mao,3,verb,0,0,mao,"to clear up (e.g. of cloudy weather), alleviate"
mau,3,verb,0,0,mau,"always, perpetual"
mea,3,noun,0,0,mea,"thing, object"
mio,3,verb,0,0,mio,to move swiftly
moa,3,noun,0,0,moa,chicken or similar fowl
moe,3,verb,0,0,moe,to sleep
mua,3,noun,0,0,mua,"before, in front of, first, ahead, forward, in advance, future, front"
nae,3,noun,0,0,nae,shortness of breath
neo,3,verb,0,0,neo,"bare, desolate"
niu,3,noun,0,0,niu,coconut (fruit of coco palm)
noa,3,noun,0,0,noa,release from taboo restrictions
noi,3,noun,0,0,noi,request
nou,3,pron,0,0,nou,"yours, for you (second person singular)"
nui,3,noun,0,0,nui,"plenty, a lot, size, dimension, number, area"
nāu,3,pron,0,1,nau,"yours, for you, by you (second person singular)"
oka,3,noun,0,0,oka,"dregs, sediment, grounds"
oki,3,verb,0,0,oki,to finish
ola,3,noun,0,0,ola,existence
oli,3,noun,0,0,oli,A chant
olo,3,verb,0,0,olo,"to rub back and forth, to grate"
omo,3,verb,0,0,omo,suck
ona,3,pron,0,0,ona,"his, her, its (o-type possessive)"
one,3,noun,0,0,one,sand
ono,3,num,0,0,ono,six
oʻo,3,verb,1,0,oo,"mature, ripe"
oʻu,3,pron,1,0,ou,"my, mine First person singular possessive, o-type."
pae,3,verb,0,0,pae,"to come ashore, to land"
pau,3,verb,0,0,pau,"finished, done"
pea,3,noun,0,0,pea,bear
pia,3,noun,0,0,pia,Polynesian arrowroot (Tacca leontopetaloides)
pio,3,verb,0,0,pio,extinguished
poe,3,verb,0,0,poe,"round, rounded"
poi,3,noun,0,0,poi,a porridge-like substance made from cooked and ground taro corm mixed with water; a traditional Hawaiian staple food
pua,3,noun,0,0,pua,flower
tou,3,det,0,0,tou,Niʻihau form of kou (“your”)
uhi,3,noun,0,0,uhi,yam (Dioscorea)
uka,3,noun,0,0,uka,inland (interior part of a country)
uku,3,noun,0,0,uku,"payment, reward, prize, commission, compensation"
ula,3,noun,0,0,ula,spiny lobster
ule,3,noun,0,0,ule,penis
uli,3,verb,0,0,uli,"having any dark color (blue, green, black, etc.)"
ulu,3,noun,0,0,ulu,growth
umō,3,noun,0,1,umo,"moo, characteristic lowing sound made by cattle."
una,3,noun,0,0,una,shell or carapace of a turtle made of conjoined scutes
une,3,noun,0,0,une,lever
uʻi,3,noun,1,0,ui,"youth, youthful hero or heroine"
wae,3,noun,0,0,wae,leg
wai,3,noun,0,0,wai,"water, especially of fresh sources"
weo,3,noun,0,0,weo,redness
āna,3,pron,0,1,ana,"his, hers, its (a-type possessive)"
ʻae,3,intj,1,0,ae,yes
ʻai,3,noun,1,0,ai,"food; in particular, any food that is not fish"
ʻau,3,noun,1,0,au,handle
ʻia,3,particle,1,0,ia,used after a verb to denote passive voice
ʻio,3,noun,1,0,io,Hawaiian hawk (Buteo solitarius)
ʻoe,3,pron,1,0,oe,second person singular; you
ʻoi,3,verb,1,0,oi,sharp
ʻou,3,verb,1,0,ou,to reach out for
Akua,4,noun,0,0,akua,God (Christian)
Kuna,4,noun,0,0,kuna,an ancient eel-like dragon
Pākē,4,noun,0,1,pake,a Chinese person
Pīkī,4,verb,0,1,piki,Fijian
aeʻo,4,noun,1,0,aeo,"A species of stilt (bird) native to Hawaii, Himantopus knudseni"
aina,4,noun,0,0,aina,coition
akua,4,noun,0,0,akua,god (deity)
auau,4,verb,0,0,auau,to walk lightly and swiftly
haka,4,noun,0,0,haka,"shelf, rack"
haku,4,noun,0,0,haku,"lord, master, overseer, employer, owner, possessor, proprietor, luna"
hala,4,noun,0,0,hala,sin
hale,4,noun,0,0,hale,"house, building"
hali,4,verb,0,0,hali,to carry
hame,4,noun,0,0,hame,Either of two species in the genus Antidesma endemic to Hawai'i:
hamo,4,verb,0,0,hamo,to rub (on)
hana,4,noun,0,0,hana,"work, labor, job, employment, occupation, duty, activity, function, practice, incident, action"
hano,4,verb,0,0,hano,"glorious, honored"
hanu,4,noun,0,0,hanu,breath
hapa,4,noun,0,0,hapa,half of something
haʻa,4,verb,1,0,haa,low
haʻi,4,verb,1,0,hai,"to break, to snap"
hele,4,verb,0,0,hele,"to walk, move"
helo,4,noun,0,0,helo,red (color/colour)
helu,4,noun,0,0,helu,number
hema,4,noun,0,0,hema,left (not right)
hene,4,verb,0,0,hene,to snicker
hepa,4,noun,0,0,hepa,"idiot, imbecile"
hewa,4,noun,0,0,hewa,mistake
heʻe,4,noun,1,0,hee,octopus
hihi,4,verb,0,0,hihi,"to entangle, to intertwine"
hiki,4,intj,0,0,hiki,all right
hiku,4,num,0,0,hiku,"seven, seventh"
hili,4,noun,0,0,hili,braid
hilo,4,verb,0,0,hilo,to twist
hilu,4,noun,0,0,hilu,rainbow wrasse (marine fish of the genus Coris)
hina,4,noun,0,0,hina,gray hair
hinu,4,noun,0,0,hinu,oil; grease
hipa,4,noun,0,0,hipa,sheep
hiwa,4,verb,0,0,hiwa,entirely black
hiʻi,4,verb,1,0,hii,to hold or carry in the arms; to bear
hiʻu,4,noun,1,0,hiu,fish tail
hoai,4,noun,0,0,hoai,joint
hoki,4,noun,0,0,hoki,mule
hoku,4,noun,0,0,hoku,Night of the full moon
hola,4,verb,0,0,hola,to spread
holo,4,verb,0,0,holo,"to go, run, slide, progress"
hono,4,noun,0,0,hono,harbor
honu,4,noun,0,0,honu,turtle
hope,4,noun,0,0,hope,"back, rear, (of a vessel) aft"
hoʻi,4,particle,1,0,hoi,"Used to intensify the preceding word or phrase: indeed, just; also, too, besides; possibly"
hoʻā,4,verb,1,1,hoa,"to turn on, switch on, power on (a device)"
huhu,4,noun,0,0,huhu,termite (a wood boring insect)
huhū,4,noun,0,1,huhu,anger
huki,4,noun,0,0,huki,"any fit: convulsion, stroke, spasm"
huku,4,noun,0,0,huku,protuberance; lump
hula,4,noun,0,0,hula,a form of dance native to the Hawaiian Islands
huli,4,verb,0,0,huli,to turn
hulu,4,noun,0,0,hulu,hair (the collection or mass of filaments growing from the skin of humans and animals)
huna,4,noun,0,0,huna,"particle, speck"
huʻa,4,noun,1,0,hua,"foam, froth, bubble(s)"
hāhā,4,noun,0,1,haha,Any Gunnera species.
hālō,4,verb,0,1,halo,"to peer, to peep"
hāna,4,verb,0,1,hana,to be alert
hāpa,4,noun,0,1,hapa,harp
hēkī,4,noun,0,1,heki,jet
hēʻī,4,noun,1,1,hei,papaya
hīhī,4,verb,0,1,hihi,to hiss
hōkū,4,noun,0,1,hoku,star (luminous celestial body)
hōʻā,4,verb,1,1,hoa,"to burn, set on fire, ignite, alight"
hūnā,4,verb,0,1,huna,"to hide, to conceal"
iaʻu,4,pron,1,0,iau,me (object of a verb)
ieta,4,noun,0,0,ieta,The name of the Latin script letter Y/y.
iota,4,noun,0,0,iota,The name of the Latin script letter J/j.
kaha,4,verb,0,0,kaha,"to cut open, to slice lengthwise"
kahe,4,verb,0,0,kahe,"to flow, to trickle"
kahi,4,num,0,0,kahi,"one, single; some"
kahu,4,noun,0,0,kahu,guardian
kaka,4,verb,0,0,kaka,to rinse
kala,4,noun,0,0,kala,"horn, spike, thorn"
kali,4,verb,0,0,kali,to wait
kalo,4,noun,0,0,kalo,taro; colocasia
kama,4,noun,0,0,kama,child regardless of sex
kani,4,noun,0,0,kani,"cry, moan"
kanu,4,verb,0,0,kanu,to plant
kapa,4,noun,0,0,kapa,"rim, edge"
kapu,4,noun,0,0,kapu,"taboo, prohibition"
kaua,4,noun,0,0,kaua,"a war, battle, army"
kauā,4,noun,0,1,kaua,"outcast, member of the ancient Hawaiian slave class"
kawa,4,noun,0,0,kawa,"leaping place, precipice"
kaʻa,4,noun,1,0,kaa,car (automobile)
kaʻe,4,verb,1,0,kae,"to smudge, to besmear"
kaʻi,4,verb,1,0,kai,to lead
kaʻo,4,verb,1,0,kao,"dry, arid"
kaʻu,4,det,1,0,kau,"my first person singular possessive, a-form"
keha,4,noun,0,0,keha,height
keka,4,noun,0,0,keka,"sex, gender"
kepa,4,verb,0,0,kepa,"to look sideways, to turn to the side"
kesa,4,noun,0,0,kesa,The name of the Latin script letter X/x.
keʻa,4,noun,1,0,kea,horizontal boom connecting two hulls or outriggers of a waʻa
kika,4,verb,0,0,kika,slippery
kiki,4,noun,0,0,kiki,plug
kiko,4,verb,0,0,kiko,to peck
kikī,4,verb,0,1,kiki,to flow swiftly
kila,4,noun,0,0,kila,high place
kili,4,verb,0,0,kili,"to rain gently, to drizzle"
kilo,4,verb,0,0,kilo,"to watch, gaze"
kime,4,noun,0,0,kime,team
kimu,4,noun,0,0,kimu,precipitation
kini,4,noun,0,0,kini,a multitude
kino,4,noun,0,0,kino,body
kipa,4,verb,0,0,kipa,"to visit, to call"
kipi,4,verb,0,0,kipi,to dig with a sharp tool
kiʻe,4,verb,1,0,kie,"high, lofty"
kiʻi,4,noun,1,0,kii,"a picture, image, drawing"
kohe,4,noun,0,0,kohe,"crease, groove"
koho,4,noun,0,0,koho,election
kohu,4,noun,0,0,kohu,sap of a plant
koiū,4,noun,0,1,koiu,soy sauce
koke,4,particle,0,0,koke,"quick(ly), soon"
koko,4,noun,0,0,koko,blood
kole,4,verb,0,0,kole,"raw, inflamed, red"
kolo,4,verb,0,0,kolo,to crawl
kolu,4,num,0,0,kolu,three
komo,4,noun,0,0,komo,"entrance, entry"
kona,4,det,0,0,kona,"his, her, its third person singular possessive, o-type"
kono,4,noun,0,0,kono,invitation
konā,4,verb,0,1,kona,"hard, unyielding"
kopa,4,noun,0,0,kopa,soap
kope,4,noun,0,0,kope,coffee
koʻa,4,noun,1,0,koa,coral
koʻe,4,noun,1,0,koe,worm
koʻo,4,noun,1,0,koo,brace; support; prop; wand
koʻu,4,det,1,0,kou,"my first person singular possessive, o-type"
kuhi,4,verb,0,0,kuhi,to point at
kuka,4,noun,0,0,kuka,coat
kuke,4,verb,0,0,kuke,to cook
kuki,4,noun,0,0,kuki,cookie
kula,4,noun,0,0,kula,"field, pasture"
kule,4,verb,0,0,kule,inactive
kuli,4,verb,0,0,kuli,to be deaf (not hearing)
kulu,4,noun,0,0,kulu,a drop
kumu,4,noun,0,0,kumu,teacher
kuna,4,noun,0,0,kuna,a variety of freshwater eel
kunu,4,verb,0,0,kunu,to broil
kupu,4,verb,0,0,kupu,"to sprout, to germinate"
kuʻi,4,verb,1,0,kui,"to pound, to strike"
kuʻu,4,det,1,0,kuu,"my first person singular possessive, both o- and a-type"
kāki,4,noun,0,1,kaki,"charge, bill"
kālā,4,noun,0,1,kala,dollar
kāna,4,det,0,1,kana,"his, her, its third person singular possessive, a-type"
kāne,4,noun,0,1,kane,male
kāua,4,pron,0,1,kaua,First person dual inclusive
kēia,4,det,0,1,keia,this
kēlā,4,det,0,1,kela,that
kēnā,4,det,0,1,kena,that (close to the speaker)
kīkā,4,noun,0,1,kika,guitar
kīkī,4,verb,0,1,kiki,to shoot
kōhi,4,verb,0,1,kohi,"to break or split something off with a blade, such as a shovel"
kōkē,4,noun,0,1,koke,"to strike, to hit"
kōkō,4,verb,0,1,koko,to fulfill
kūkā,4,verb,0,1,kuka,"to consult, to confer, to deliberate, to discuss"
kūlā,4,noun,0,1,kula,third person
kūnā,4,noun,0,1,kuna,second person
kūʻē,4,verb,1,1,kue,to oppose; to resist
lahi,4,noun,0,0,lahi,"thinness, frailty"
laka,4,verb,0,0,laka,"tame, gentle, attracted to, fond of"
lala,4,verb,0,0,lala,to warm (as over fire)
lalo,4,noun,0,0,lalo,depth
lama,4,noun,0,0,lama,torch
lana,4,noun,0,0,lana,"floating, buoyant, adrift"
lani,4,noun,0,0,lani,"sky, heavens, firmament"
lapu,4,noun,0,0,lapu,ghost
lawa,4,noun,0,0,lawa,"sufficiency, abundance, plenty"
lawe,4,noun,0,0,lawe,bearer
laʻa,4,verb,1,0,laa,"sacred, holy, consecrated"
lehu,4,noun,0,0,lehu,ash (of colour and substance)
leka,4,noun,0,0,leka,letter (mail)
lele,4,verb,0,0,lele,"to jump, leap, hop, skip"
lemu,4,noun,0,0,lemu,buttocks (politer than ʻōkole)
lena,4,noun,0,0,lena,turmeric
lepa,4,noun,0,0,lepa,flag
lepe,4,noun,0,0,lepe,"hem, fringe"
lepo,4,noun,0,0,lepo,"soil, dirt"
lepu,4,noun,0,0,lepu,hare
lewa,4,noun,0,0,lewa,atmosphere
leʻa,4,verb,1,0,lea,"pleasing, delightful"
leʻo,4,verb,1,0,leo,"lofty, tall"
liha,4,noun,0,0,liha,nit
lihi,4,noun,0,0,lihi,edge
lika,4,noun,0,0,lika,liter (unit of measure)
like,4,verb,0,0,like,"like, alike, similar"
lili,4,verb,0,0,lili,jealous
lima,4,num,0,0,lima,five
limu,4,noun,0,0,limu,moss (plants of the division Bryophyta)
lipi,4,noun,0,0,lipi,"adze, chisel"
lipo,4,noun,0,0,lipo,"deep sea, cavern or forest"
liʻi,4,verb,1,0,lii,"small, tiny"
lohe,4,verb,0,0,lohe,to hear
lohi,4,verb,0,0,lohi,"to be slow, tardy, late"
loke,4,noun,0,0,loke,rose
loko,4,noun,0,0,loko,"pond, lake"
loku,4,noun,0,0,loku,downpour
lole,4,verb,0,0,lole,"to unfold, reverse"
loli,4,noun,0,0,loli,sea cucumber (holothurian)
lolo,4,noun,0,0,lolo,brain
lomi,4,verb,0,0,lomi,"to press on, squeeze, knead, massage"
lono,4,noun,0,0,lono,"news, report, rumor"
lopi,4,noun,0,0,lopi,thread
loʻi,4,noun,1,0,loi,irrigated taro pond
luhi,4,noun,0,0,luhi,"labor, work, pains, toil"
luku,4,verb,0,0,luku,"to destroy, to devastate"
luli,4,verb,0,0,luli,"to totter, to sway"
lulu,4,noun,0,0,lulu,"calm, peace"
luma,4,verb,0,0,luma,to drown
lumi,4,verb,0,0,lumi,to crowd uncomfortably
luna,4,noun,0,0,luna,"top, upper"
lunu,4,noun,0,0,lunu,greed
luʻu,4,verb,1,0,luu,"to dive, plunge or dip onself, to immerse"
lālā,4,noun,0,1,lala,"branch, bough"
lāua,4,pron,0,1,laua,"they two, those two"
lōlō,4,verb,0,1,lolo,"paralyzed, numb, feeble-minded, crazy"
lōpū,4,verb,0,1,lopu,medium
lūlā,4,verb,0,1,lula,"windless, dead still"
maha,4,noun,0,0,maha,temple
mahi,4,verb,0,0,mahi,"to cultivate, to farm"
mahū,4,verb,0,1,mahu,to be weak; to be flat (as diluted kava or stale beer)
maka,4,noun,0,0,maka,eye (organ)
make,4,noun,0,0,make,death
mala,4,verb,0,0,mala,bruised
male,4,noun,0,0,male,phlegm (mucus from the lungs or throat)
malo,4,noun,0,0,malo,loincloth (traditionally worn by men)
malu,4,noun,0,0,malu,shade
malū,4,verb,0,1,malu,secretly
mama,4,verb,0,0,mama,"to chew, masticate (but not swallow)"
mana,4,noun,0,0,mana,mana (religious or spiritual power)
mano,4,num,0,0,mano,four thousand
manu,4,noun,0,0,manu,bird (animal)
manō,4,noun,0,1,mano,shark
maʻa,4,noun,1,0,maa,"custom, habit"
maʻi,4,verb,1,0,mai,"sick, ill"
maʻo,4,verb,1,0,mao,green
mele,4,noun,0,0,mele,"chant, song, poem"
meli,4,noun,0,0,meli,honey
meʻe,4,noun,1,0,mee,hero
mihi,4,noun,0,0,mihi,"repentance, remorse"
mika,4,noun,0,0,mika,mister
miki,4,verb,0,0,miki,to suck in
miko,4,verb,0,0,miko,"seasoned with salt, salted"
mile,4,noun,0,0,mile,mile (unit of measure)
mimi,4,noun,0,0,mimi,urine
mina,4,verb,0,0,mina,"to regret, be sorry, deplore; to grieve for something that is lost"
moko,4,noun,0,0,moko,"pugilism, boxing (traditional and modern)"
moku,4,verb,0,0,moku,"to be broken off, to be severed, to be amputated"
momi,4,noun,0,0,momi,pearl
mona,4,noun,0,0,mona,fat (specialized animal tissue)
moni,4,verb,0,0,moni,"to swallow, to gulp down"
moʻa,4,verb,1,0,moa,cooked
moʻo,4,noun,1,0,moo,"lizard, dragon, serpent"
muku,4,verb,0,0,muku,"cut short, shortened"
muli,4,noun,0,0,muli,"after, afterward, by and by"
muʻe,4,verb,1,0,mue,bitter
māhu,4,noun,0,1,mahu,"steam, vapor"
māhū,4,noun,0,1,mahu,"a person of the third gender, having traditional spiritual and social roles in the cultures of Hawaii and Tahiti"
mākū,4,noun,0,1,maku,"dregs, sediments, lees"
māla,4,noun,0,1,mala,garden
mālō,4,verb,0,1,malo,taut
māmā,4,noun,0,1,mama,"lightness, state of little weight"
māua,4,pron,0,1,maua,First person dual exclusive
mīka,4,noun,0,1,mika,meter (unit of measure)
mōhā,4,verb,0,1,moha,fully developed
mōlī,4,noun,0,1,moli,the Laysan albatross.
mōʻī,4,noun,1,1,moi,majesty
naha,4,verb,0,0,naha,"bent, curved"
nahā,4,verb,0,1,naha,"to crack, to break, to smash"
naio,4,noun,0,0,naio,pinworm
naka,4,noun,0,0,naka,"Thaumatodon nesophila, a kind of land snail"
naku,4,verb,0,0,naku,to wallow
nalo,4,noun,0,0,nalo,fly (any two-winged insect)
nalu,4,noun,0,0,nalu,wave
nana,4,verb,0,0,nana,Lānaʻi form of ulana (“to plait”)
nani,4,verb,0,0,nani,"to be lovely, pretty, nice"
naʻi,4,verb,1,0,nai,"to conquer, take by force"
naʻu,4,pron,1,0,nau,"mine, for me, by me"
nene,4,verb,0,0,nene,"to stir, to move"
neʻe,4,verb,1,0,nee,"to creep, to move gradually"
nihi,4,noun,0,0,nihi,Lānaʻi form of lihi (“edge”)
niho,4,noun,0,0,niho,tooth
nika,4,noun,0,0,nika,nigger
nini,4,verb,0,0,nini,to pour
noho,4,noun,0,0,noho,seat
nohu,4,noun,0,0,nohu,scorpionfish
noio,4,noun,0,0,noio,lesser noddy (Anous tenuirostris)
noku,4,noun,0,0,noku,Lānaʻi form of loku (“downpour”)
nona,4,pron,0,0,nona,"for him/her/it; his, hers, its; whose, for whom"
noni,4,noun,0,0,noni,"A Polynesian tree with fruits traditionally used as medicine, Morinda citrifolia"
nono,4,verb,0,0,nono,"red-faced, rosy-cheeked"
noʻa,4,noun,1,0,noa,a piece of wood used in the games of noʻa and pūhenehene
noʻu,4,pron,1,0,nou,"mine, for me"
nuha,4,verb,0,0,nuha,"stubborn, sulky, peevish"
nuku,4,noun,0,0,nuku,"snout, beak, mouth"
nunu,4,noun,0,0,nunu,Lānaʻi form of lunu (“greed”)
nāna,4,pron,0,1,nana,"for him/her/it; by him/her/it; his, hers, its; whose, for whom, by whom"
nānā,4,noun,0,1,nana,goat
nēnē,4,verb,0,1,nene,"to chirp, to croak"
nūnū,4,noun,0,1,nunu,pigeon
paha,4,particle,0,0,paha,"Used to indicate the conditional mood, expressed in English as perhaps, might, possibly"
pahu,4,noun,0,0,pahu,drum
paio,4,verb,0,0,paio,"to fight, to quarrel"
paka,4,verb,0,0,paka,to strain out impurities
pakū,4,verb,0,1,paku,"to burst, to break open"
pala,4,verb,0,0,pala,"to smear, to smudge"
pale,4,noun,0,0,pale,headdress
pali,4,noun,0,0,pali,"cliff, precipice"
palu,4,verb,0,0,palu,to lick
pana,4,noun,0,0,pana,bow
pane,4,noun,0,0,pane,answer
pani,4,noun,0,0,pani,dam
pano,4,noun,0,0,pano,dark
papa,4,noun,0,0,papa,"board, lumber"
paʻa,4,noun,1,0,paa,solid
paʻi,4,verb,1,0,pai,to hit
peku,4,verb,0,0,peku,to kick
pele,4,noun,0,0,pele,volcano
pelu,4,verb,0,0,pelu,"to bend, to fold"
pepa,4,noun,0,0,pepa,paper
peʻa,4,noun,1,0,pea,bat (flying mammal)
piha,4,noun,0,0,piha,"fullness, completion"
pihi,4,noun,0,0,pihi,"scab, scar"
piko,4,noun,0,0,piko,navel
pila,4,noun,0,0,pila,violin
pili,4,noun,0,0,pili,black speargrass (Heteropogon contortus)
pipi,4,noun,0,0,pipi,cow
piwa,4,noun,0,0,piwa,fever
piʻi,4,verb,1,0,pii,"to travel inland, thus"
piʻo,4,noun,1,0,pio,"bend, curve, arc"
poke,4,noun,0,0,poke,"section, slice, piece, part, portion"
polū,4,noun,0,1,polu,blue (color)
pona,4,noun,0,0,pona,node of bamboo or sugarcanes
poni,4,noun,0,0,poni,purple (color/colour)
pono,4,noun,0,0,pono,righteousness
poʻe,4,noun,1,0,poe,"people, population"
poʻo,4,noun,1,0,poo,head
pueo,4,noun,0,0,pueo,Hawaiian owl (Asio flammeus sandwichiensis)
puhi,4,noun,0,0,puhi,eel
puka,4,noun,0,0,puka,"hole, gate, doorway"
puke,4,noun,0,0,puke,book
puku,4,verb,0,0,puku,to collect
pule,4,noun,0,0,pule,"prayer, spell, blessing"
pulu,4,noun,0,0,pulu,"fibrous husk of any nut like coconuts, candlenuts etc; boll of cotton; down of ferns"
puna,4,noun,0,0,puna,spring (water source)
puni,4,verb,0,0,puni,"surrounded, enclosed"
puʻu,4,noun,1,0,puu,"any geological protuberance like hill, mound"
pākū,4,noun,0,1,paku,"partition, screen, curtain"
pāʻū,4,noun,1,1,pau,sarong
pēla,4,noun,0,1,pela,bail
pēpē,4,noun,0,1,pepe,baby (very young child)
pōpō,4,noun,0,1,popo,"ball, wad"
pūpū,4,noun,0,1,pupu,"bunch, tuft, bundle (as of grass); bouquet"
tahi,4,num,0,0,tahi,Niʻihau form of kahi (“one”)
teia,4,det,0,0,teia,Niʻihau form of kēia (“this”)
tela,4,det,0,0,tela,Niʻihau form of kēlā (“that”)
tita,4,noun,0,0,tita,sister
toʻu,4,det,1,0,tou,Niʻihau form of koʻu (“my”)
tumu,4,noun,0,0,tumu,Niʻihau form of kumu (“parent”)
tūtū,4,noun,0,1,tutu,"grandma, grandpa"
uahi,4,noun,0,0,uahi,smoke
uaua,4,verb,0,0,uaua,"tough, sinewy, glutinous, viscid, leathery"
uila,4,noun,0,0,uila,lightning
waha,4,noun,0,0,waha,mouth
waiū,4,noun,0,1,waiu,milk
waka,4,verb,0,0,waka,to flash
wala,4,verb,0,0,wala,to tilt backwards
wale,4,noun,0,0,wale,"any bodily secretion or mucus including phlegm, saliva"
walu,4,num,0,0,walu,"eight, eighth"
wana,4,noun,0,0,wana,"A sea urchin with long spines, such as the long-spined sea urchin (Diadema paucispinum) or the diadema urchin (Echinothrix diadema)."
wawā,4,noun,0,1,wawa,"racket, roar, loud talk"
waʻa,4,noun,1,0,waa,canoe
waʻu,4,verb,1,0,wau,"to scrape, to grate"
wehe,4,verb,0,0,wehe,to open; undo; take off; pull apart
wehi,4,noun,0,0,wehi,"decoration, ornament"
wela,4,verb,0,0,wela,to be hot
welo,4,verb,0,0,welo,"to flutter, to wave (of flags)"
wiki,4,verb,0,0,wiki,"to hasten, to speed up"
wili,4,verb,0,0,wili,"to bore, to drill, to screw"
wolu,4,noun,0,0,wolu,walrus
wāhi,4,verb,0,1,wahi,to split
wīwī,4,verb,0,1,wiwi,"thin, slender"
zeta,4,noun,0,0,zeta,The name of the Latin script letter Z/z.
ākea,4,verb,0,1,akea,"wide, broad"
ōewe,4,noun,0,1,oewe,gene
ʻAʻā,4,noun,1,1,aa,"the primary, visible star of the Sirius binary system; Sirius A"
ʻaha,4,noun,1,0,aha,"meeting, gathering, assembly"
ʻahi,4,noun,1,0,ahi,yellowfin tuna (Thunnus albacares)
ʻaho,4,noun,1,0,aho,thatch purlin and rafter
ʻahu,4,noun,1,0,ahu,"cape, shirt, coat, any upper garment"
ʻahā,4,num,1,1,aha,four
ʻaiā,4,verb,1,1,aia,"ungodly, godless"
ʻaiō,4,noun,1,1,aio,A wave that rises and falls without breaking.
ʻaka,4,verb,1,0,aka,to laugh
ʻaki,4,verb,1,0,aki,to snap
ʻako,4,verb,1,0,ako,"to pick, to pluck"
ʻala,4,noun,1,0,ala,"fragrance, perfume"
ʻale,4,noun,1,0,ale,"wave, billow"
ʻali,4,verb,1,0,ali,to scar
ʻalo,4,verb,1,0,alo,"to dodge, to evade"
ʻalu,4,noun,1,0,alu,loose skin over the eyeball
ʻami,4,noun,1,0,ami,locative preposition
ʻana,4,noun,1,0,ana,"A rough, sandpapery substance (pumice or Leiodermatium sponges)"
ʻano,4,noun,1,0,ano,"kind, type"
ʻape,4,noun,1,0,ape,"a large-leafed plant in the Araceae, related to taro, Alocasia macrorrhiza"
ʻaui,4,verb,1,0,aui,"to turn aside, to deviate"
ʻawa,4,noun,1,0,awa,kava (Piper methysticum)
ʻawe,4,verb,1,0,awe,to carry
ʻaʻa,4,noun,1,0,aa,clothlike sheath on the bottom of a coconut leaf frond
ʻaʻe,4,verb,1,0,ae,"to step over, to get on top of"
ʻaʻo,4,noun,1,0,ao,Hawaiian shearwater (Puffinus newelli)
ʻaʻā,4,noun,1,1,aa,"aa, a type of lava"
ʻeha,4,noun,1,0,eha,pain
ʻehu,4,noun,1,0,ehu,"spray, foam, mist, seaspray"
ʻehā,4,num,1,1,eha,four
ʻeke,4,noun,1,0,eke,"bag, sack"
ʻele,4,verb,1,0,ele,"dark, black"
ʻeli,4,verb,1,0,eli,to dig
ʻike,4,noun,1,0,ike,sight
ʻili,4,noun,1,0,ili,skin
ʻina,4,noun,1,0,ina,small sea urchin
ʻine,4,verb,1,0,ine,negative
ʻino,4,noun,1,0,ino,"hate, sin"
ʻiwa,4,noun,1,0,iwa,frigatebird
ʻiʻo,4,noun,1,0,io,flesh
ʻohe,4,noun,1,0,ohe,bamboo (plant; material)
ʻohi,4,verb,1,0,ohi,"to harvest, gather or pick"
ʻohu,4,noun,1,0,ohu,fog
ʻohā,4,noun,1,1,oha,taro corm growing from the older root
ʻoia,4,noun,1,0,oia,truth
ʻoka,4,verb,1,0,oka,to order
ʻole,4,verb,1,0,ole,"not, without, lacking"
ʻona,4,verb,1,0,ona,drunk
ʻono,4,verb,1,0,ono,"delicious, tasty"
ʻope,4,noun,1,0,ope,"anything wrapped or bundled i.e. parcels, packages, etc"
ʻopi,4,verb,1,0,opi,"to fold, to crease"
ʻuao,4,verb,1,0,uao,"to intercede, to mediate"
ʻuku,4,noun,1,0,uku,"louse, flea (insect)"
ʻula,4,noun,1,0,ula,red (color)
ʻulu,4,noun,1,0,ulu,breadfruit
ʻume,4,verb,1,0,ume,"to pull, to draw"
ʻumi,4,num,1,0,umi,"ten, tenth"
ʻupu,4,noun,1,0,upu,thought
ʻuwī,4,verb,1,1,uwi,"to squeak, to squeal"
ʻāne,4,verb,1,1,ane,positive
ʻāʻā,4,noun,1,1,aa,dumbness
ʻāʻī,4,noun,1,1,ai,neck
ʻēʻē,4,verb,1,1,ee,peculiar
ʻōmā,4,noun,1,1,oma,"Maine lobster, Homarus americanus"
ʻōpā,4,verb,1,1,opa,"to press, to squeeze"
ʻōpū,4,noun,1,1,opu,"stomach, belly, womb"
ʻōʻō,4,noun,1,1,oo,"oo, the extinct members of the Moho genus of honeyeaters"
ʻūpā,4,verb,1,1,upa,"to open and close the mouth in eating, speaking etc"
Kāmoa,5,verb,0,1,kamoa,Samoan
Kōlea,5,noun,0,1,kolea,Korean (native or inhabitant of either North Korea or South Korea)
Laosa,5,verb,0,0,laosa,Lao
Lūkia,5,verb,0,1,lukia,Russian
akula,5,particle,0,0,akula,"direction away from the speaker, away"
alani,5,noun,0,0,alani,brown algae (Dictyota)
alelo,5,noun,0,0,alelo,tongue
aliʻi,5,noun,1,0,alii,a hereditary rank of traditional chief
aloha,5,intj,0,0,aloha,"hello, greetings"
anilā,5,noun,0,1,anila,weather
aouli,5,noun,0,0,aouli,"firmament, sky"
aumoe,5,noun,0,0,aumoe,"midnight, late night"
awāwa,5,noun,0,1,awawa,"valley, ravine"
aʻela,5,particle,1,0,aela,"upward, sideways; next"
hahai,5,noun,0,0,hahai,pursuit
hahau,5,verb,0,0,hahau,"to strike, to hit"
haole,5,noun,0,0,haole,foreigner
henua,5,noun,0,0,henua,place
hihio,5,noun,0,0,hihio,soft whistling sound
hoana,5,noun,0,0,hoana,grindstone
hokua,5,noun,0,0,hokua,nape of the neck
holoi,5,noun,0,0,holoi,laundry
honua,5,noun,0,0,honua,land
huakō,5,noun,0,1,huako,fructose
huaʻi,5,verb,1,0,huai,to bubble up
huila,5,noun,0,0,huila,wheel
hālau,5,noun,0,1,halau,"longhouse, meeting house"
hāliu,5,verb,0,1,haliu,to turn
hānai,5,noun,0,1,hanai,"foster child, adopted child"
hānau,5,noun,0,1,hanau,birth
hāpai,5,verb,0,1,hapai,to carry
hāuli,5,verb,0,1,hauli,blackish
hāuna,5,noun,0,1,hauna,"a blow, a strike"
hōkeo,5,noun,0,1,hokeo,"bottle gourd (used to hold clothing, gear, etc.)"
hōʻae,5,verb,1,1,hoae,to pulverize
hōʻai,5,verb,1,1,hoai,to feed; to give to someone to eat
ihola,5,particle,0,0,ihola,downward; afterwards; self
ihona,5,noun,0,0,ihona,"incline, descent"
ikehu,5,noun,0,0,ikehu,"energy, power"
ilelo,5,particle,0,0,ilelo,basement
ilina,5,noun,0,0,ilina,"grave, tomb"
kaena,5,verb,0,0,kaena,"to boast, brag of"
kahua,5,noun,0,0,kahua,foundation; base; platform (of a house)
kaona,5,noun,0,0,kaona,kaona (hidden or secondary meaning in Hawaiian poetry)
katau,5,noun,0,0,katau,Niʻihau form of kākau (“writing”)
katou,5,pron,0,0,katou,Niʻihau form of kākou (“everybody”)
kauka,5,noun,0,0,kauka,doctor
kaula,5,noun,0,0,kaula,"rope, cord, string"
keiki,5,noun,0,0,keiki,child
keiti,5,noun,0,0,keiti,Niʻihau form of keiki (“child”)
kiawe,5,noun,0,0,kiawe,kiawe (Prosopis pallida)
kiaʻi,5,verb,1,0,kiai,"to guard, to watch over"
kiele,5,noun,0,0,kiele,gardenia
kinai,5,verb,0,0,kinai,"to extinguish, to put out"
koaea,5,verb,0,0,koaea,"dry, lacking juice or succulence, lacking the fluids that characterize food"
koali,5,noun,0,0,koali,morning glory
koena,5,noun,0,0,koena,ton (unit of measure)
koloa,5,noun,0,0,koloa,Hawaiian duck
kuapa,5,noun,0,0,kuapa,The rock wall of a fishpond
kuene,5,noun,0,0,kuene,steward
kuhia,5,noun,0,0,kuhia,"reference, note"
kukui,5,noun,0,0,kukui,"Aleurites moluccana, the candlenut tree and fruit"
kāhea,5,verb,0,1,kahea,"to call, to cry out"
kākau,5,noun,0,1,kakau,writing
kākou,5,pron,0,1,kakou,First person plural inclusive
kālai,5,verb,0,1,kalai,to carve
kālua,5,verb,0,1,kalua,to cook in an underground oven
kātou,5,pron,0,1,katou,Niʻihau form of kākou (“everybody”)
kāʻei,5,noun,1,1,kaei,"belt, sash"
kīhei,5,noun,0,1,kihei,"cape, shawl"
kōina,5,noun,0,1,koina,urging
kōkua,5,verb,0,1,kokua,to help
kōlea,5,noun,0,1,kolea,Pacific golden plover
kōʻai,5,verb,1,1,koai,to stir with a circular motion
kūhoa,5,noun,0,1,kuhoa,first person inclusive
kūkae,5,noun,0,1,kukae,"excrement, dung, feces"
kūlou,5,verb,0,1,kulou,to bow
kūmau,5,verb,0,1,kumau,"customary, usual"
kūnei,5,noun,0,1,kunei,first person exclusive
kūnou,5,verb,0,1,kunou,Lānaʻi form of kūlou (“to overflow”)
kūʻai,5,verb,1,1,kuai,to barter
laiki,5,noun,0,0,laiki,rice (Oryza sativa)
laulā,5,verb,0,1,laula,"wide, broad"
liona,5,noun,0,0,liona,lion
loaʻa,5,verb,1,0,loaa,"to acquire, to procure"
lonoā,5,noun,0,1,lonoa,rumor
luana,5,verb,0,0,luana,"to be at leisure, to enjoy oneself"
luaʻi,5,noun,1,0,luai,vomit
lāhui,5,noun,0,1,lahui,"race, nation, tribe, people, nationality"
lākiō,5,noun,0,1,lakio,ratio
lākou,5,pron,0,1,lakou,they (three or more)
lānai,5,noun,0,1,lanai,"a roofed patio, porch"
lāʻau,5,noun,1,1,laau,"tree, wood"
lūʻau,5,noun,1,1,luau,luau
mahae,5,verb,0,0,mahae,"to tear, to split, to separate"
maila,5,particle,0,0,maila,"hither, this way, towards the speaker"
maile,5,noun,0,0,maile,maile
maiʻa,5,noun,1,0,maia,banana (plant; fruit)
makai,5,adv,0,0,makai,"seaward, towards the sea"
makau,5,noun,0,0,makau,fishhook
makua,5,noun,0,0,makua,elder
mamao,5,verb,0,0,mamao,"far, distant, remote"
maoli,5,verb,0,0,maoli,"native, indigenous"
matua,5,noun,0,0,matua,Niʻihau form of makua (“parent”)
mauka,5,adv,0,0,mauka,inland; upland; towards the mountains
mauli,5,noun,0,0,mauli,life
mauna,5,noun,0,0,mauna,mountain
mauʻu,5,noun,1,0,mauu,grass
melia,5,noun,0,0,melia,frangipani
miula,5,noun,0,0,miula,mule
moana,5,noun,0,0,moana,"ocean, sea"
moena,5,noun,0,0,moena,mat
moloā,5,verb,0,1,moloa,lazy
māhea,5,verb,0,1,mahea,to be hazy
māihi,5,verb,0,1,maihi,"to peel, strip, as bark"
māino,5,noun,0,1,maino,"cruelty, harm"
mākia,5,noun,0,1,makia,"spike, stake, nail, pin"
mākou,5,pron,0,1,makou,First person plural exclusive
mālie,5,verb,0,1,malie,"calm, serene, still"
mālua,5,noun,0,1,malua,planting hole
mātua,5,noun,0,1,matua,Niʻihau form of mākua (“parents”)
māuna,5,noun,0,1,mauna,waste
mōhai,5,noun,0,1,mohai,"sacrifice, offering"
nahau,5,noun,0,0,nahau,arrow
nauki,5,verb,0,0,nauki,"impatient, irritable"
naʻau,5,noun,1,0,naau,"guts, intestines"
nihoa,5,verb,0,0,nihoa,"toothed, serrated"
niuhi,5,noun,0,0,niuhi,"A man-eating shark, especially the great white."
nohea,5,verb,0,0,nohea,"to be handsome, pretty, beautiful"
nāuki,5,noun,0,1,nauki,"vexation, anger"
nīane,5,noun,0,1,niane,neon (chemical element)
nīele,5,verb,0,1,niele,to keep asking questions
nīnau,5,noun,0,1,ninau,question
outou,5,noun,0,0,outou,Niʻihau form of ʻoukou (“second person plural; you (three or more)”)
paiki,5,noun,0,0,paiki,"bag, suitcase, purse"
paila,5,noun,0,0,paila,"pile, heap"
paina,5,noun,0,0,paina,"rising, swelling, breaking (as of waves)"
palai,5,noun,0,0,palai,"Any of species Microlepia setosa of native ferns placed on the altar of Laka, goddess of the hula."
panoa,5,verb,0,0,panoa,"barren, desolate"
paona,5,noun,0,0,paona,pound (unit of measure)
pehea,5,adv,0,0,pehea,how
pilau,5,noun,0,0,pilau,stench
poina,5,verb,0,0,poina,to forget
poliō,5,noun,0,1,polio,poliomyelitis
pouli,5,noun,0,0,pouli,darkness
puana,5,noun,0,0,puana,pronunciation
puaʻa,5,noun,1,0,puaa,"pig, hog, swine"
puaʻi,5,verb,1,0,puai,to flow (as water)
pāheu,5,noun,0,1,paheu,allergy
pāleo,5,verb,0,1,paleo,"to converse, to chat"
pālua,5,num,0,1,palua,"two by two, two at a time"
pāwai,5,noun,0,1,pawai,pond scum
pāweo,5,verb,0,1,paweo,to turn away from someone
pīʻao,5,noun,1,1,piao,a cuplike package made of folded ti leaves
pōhae,5,verb,0,1,pohae,torn
pōhai,5,noun,0,1,pohai,"circle (of people, trees)"
pōhue,5,noun,0,1,pohue,A gourd
pōniu,5,verb,0,1,poniu,"to rotate, to spin"
pōʻai,5,verb,1,1,poai,to coil up
ukana,5,noun,0,0,ukana,baggage
ulana,5,verb,0,0,ulana,to plait
ulukū,5,verb,0,1,uluku,"disturbed, upset"
uluna,5,noun,0,0,uluna,a special wooden headrest
unahi,5,noun,0,0,unahi,"scale, flake"
waena,5,noun,0,0,waena,middle
waiho,5,verb,0,0,waiho,"to leave, deposit"
waina,5,noun,0,0,waina,wine (alcoholic beverage)
wauke,5,noun,0,0,wauke,"The paper mulberry, Broussonetia papyifera, used to make kapa"
wikiō,5,noun,0,1,wikio,video
woela,5,noun,0,0,woela,vowel
wāwae,5,noun,0,1,wawae,"leg, foot"
ākala,5,noun,0,1,akala,pink
ōlaʻi,5,noun,1,1,olai,earthquake
ʻaeʻa,5,verb,1,0,aea,to wander
ʻaina,5,noun,1,0,aina,meal
ʻaiwa,5,num,1,0,aiwa,nine
ʻaiʻē,5,noun,1,1,aie,debt
ʻalua,5,num,1,0,alua,two
ʻanae,5,noun,1,0,anae,mullet (fish)
ʻaono,5,num,1,0,aono,six
ʻehia,5,pron,1,0,ehia,how many
ʻeiwa,5,num,1,0,eiwa,nine
ʻeleu,5,verb,1,0,eleu,"lively, energetic"
ʻelua,5,num,1,0,elua,two
ʻeono,5,num,1,0,eono,six
ʻiole,5,noun,1,0,iole,"rat, mouse; (especially) the Polynesian rat"
ʻolua,5,pron,1,0,olua,second person dual; you two
ʻowau,5,noun,1,0,owau,"meow, sound made by a cat"
ʻuala,5,noun,1,0,uala,sweet potato
ʻĀkia,5,verb,1,1,akia,"Asian; Asiatic (of, from or relating to Asia)"
ʻāhui,5,noun,1,1,ahui,"fruit bunch or cluster (of bananas, pandanus keys, grapes)"
ʻāina,5,noun,1,1,aina,land (earth; country; real estate)
ʻākau,5,noun,1,1,akau,right (not left)
ʻānai,5,verb,1,1,anai,"to rub, to scrub, to grind"
ʻēheu,5,noun,1,1,eheu,wing
ʻĪnia,5,noun,1,1,inia,Indian (person from India)
ʻīlio,5,noun,1,1,ilio,dog
ʻōiwi,5,noun,1,1,oiwi,"physique, appearance"
ʻōpio,5,noun,1,1,opio,"juvenile, youth, youngster"
ʻūlei,5,noun,1,1,ulei,"Osteomeles anthyllidifolia, a native Hawai'ian shrub whose tough wood is traditionally used to make a variety of tools and weapons"
Helene,6,verb,0,0,helene,Greek
Hinekū,6,noun,0,1,hineku,Hindu
Hōlani,6,verb,0,1,holani,Dutch
Kahiki,6,verb,0,0,kahiki,Tahitian
Kanakā,6,verb,0,1,kanaka,Canadian
Keokia,6,verb,0,0,keokia,Georgian
Kepanī,6,noun,0,1,kepani,a Japanese person
Kuleke,6,verb,0,0,kuleke,Turkish
Lāpule,6,noun,0,1,lapule,Sunday
Malaia,6,verb,0,0,malaia,Malay
Mekiko,6,verb,0,0,mekiko,Mexican
Palani,6,verb,0,0,palani,French
Palika,6,verb,0,0,palika,Parisian
Pukikī,6,noun,0,1,pukiki,a Portuguese person
Puruma,6,verb,0,0,puruma,Burmese
Pōlani,6,verb,0,1,polani,Polish
Pōpule,6,noun,0,1,popule,Sunday
Pōʻahā,6,noun,1,1,poaha,Thursday
ahiahi,6,noun,0,0,ahiahi,evening (time of day)
aikāne,6,noun,0,1,aikane,a man with whom one has sex
akaaka,6,verb,0,0,akaaka,"clear, transparent"
akalau,6,noun,0,0,akalau,The ghost of a living person.
akamai,6,noun,0,0,akamai,"intelligence, wit"
akaʻai,6,verb,1,0,akaai,to eat slowly
alahao,6,noun,0,0,alahao,"railroad, railway"
alaila,6,adv,0,0,alaila,there (at that place)
alaloa,6,noun,0,0,alaloa,"highway, beltway"
alanui,6,noun,0,0,alanui,"road, street, large path"
alawai,6,noun,0,0,alawai,channel
aniani,6,noun,0,0,aniani,"state of clarity, transparency"
anuanu,6,noun,0,0,anuanu,cold
aumiki,6,noun,0,0,aumiki,rip current
aupuni,6,noun,0,0,aupuni,"nation, country, kingdom"
awakea,6,noun,0,0,awakea,"noon, midday (time of day when the sun is the highest)"
awatea,6,noun,0,0,awatea,Niʻihau form of awakea (“midday”)
hakakā,6,verb,0,1,hakaka,to fight
haneli,6,num,0,0,haneli,hundred
haneri,6,num,0,0,haneri,hundred
hanini,6,verb,0,0,hanini,to overflow
hapahā,6,noun,0,1,hapaha,fourth (fourth part of something)
hauhau,6,verb,0,0,hauhau,cold (as food)
haumia,6,noun,0,0,haumia,pollution
haupia,6,noun,0,0,haupia,haupia (traditional pudding made with starch and coconut cream)
haʻina,6,noun,1,0,haina,verb
haʻuki,6,noun,1,0,hauki,sport
heheʻe,6,verb,1,0,hehee,to slide
heihei,6,noun,0,0,heihei,race (test of speed)
hekehi,6,noun,0,0,hekehi,hike
helekū,6,verb,0,1,heleku,to walk upright
hiamoe,6,noun,0,0,hiamoe,sleep
hikina,6,noun,0,0,hikina,east
hinakā,6,noun,0,1,hinaka,handkerchief
hiʻona,6,noun,1,0,hiona,general appearance
hoehoe,6,verb,0,0,hoehoe,to paddle a canoe
hohoki,6,verb,0,0,hohoki,neutral
hoihoi,6,verb,0,0,hoihoi,"to be interesting, fun"
holokū,6,noun,0,1,holoku,"Mother Hubbard, a kind of traditional dress"
hopena,6,noun,0,0,hopena,"ending, conclusion"
hoʻaʻā,6,verb,1,1,hoaa,"to kindle, to light"
hoʻonā,6,verb,1,1,hoona,"to soothe, to comfort"
hoʻāhu,6,verb,1,1,hoahu,"to heap up, to mound"
hoʻāla,6,verb,1,1,hoala,"to arouse, stir up, raise"
hoʻāli,6,verb,1,1,hoali,"to signal, to wave"
hoʻēmi,6,verb,1,1,hoemi,"to reduce, to diminish"
hoʻīli,6,verb,1,1,hoili,to land upon
hoʻōla,6,noun,1,1,hoola,salvation
hulina,6,noun,0,0,hulina,act of turning; reversal
hākiʻi,6,verb,1,1,hakii,"to tie, to bind"
hālana,6,verb,0,1,halana,to overflow
hāliʻi,6,noun,1,1,halii,cover
hālula,6,noun,0,1,halula,A sea urchin with spines longer than those of a wana.
hāmeʻa,6,noun,1,1,hamea,"device, doohickey, gadget, gizmo, thingamajig"
hānana,6,verb,0,1,hanana,Lānaʻi form of hālana (“to overflow”)
hāpuʻu,6,noun,1,1,hapuu,Hawaiian grouper (Hyporthodus quernus)
hāwāwā,6,verb,0,1,hawawa,"awkward, clumsy"
hāʻawe,6,verb,1,1,haawe,to carry on the back
hāʻawi,6,noun,1,1,haawi,"grant, deal"
hāʻuke,6,noun,1,1,hauke,helmet urchin (Colobocentrotus atratus)
hāʻule,6,verb,1,1,haule,to fall (from a height)
hīkiʻi,6,noun,1,1,hikii,"binding, tying"
hīmeni,6,noun,0,1,himeni,hymn
hīnano,6,noun,0,1,hinano,The fragrant male flower of the pandanus
hīnaʻi,6,noun,1,1,hinai,basket
hīʻōʻō,6,verb,1,1,hioo,"to be restless, active, flighty"
hōloʻa,6,verb,1,1,holoa,to dispense
hōʻaiā,6,verb,1,1,hoaia,to act wickedly
hōʻaka,6,verb,1,1,hoaka,to provoke laughter
hōʻalo,6,verb,1,1,hoalo,"to shun, to avoid, to escape"
hōʻano,6,verb,1,1,hoano,to cause to take a definite shape
hōʻino,6,verb,1,1,hoino,"to insult, to malign, to defame, to persecute"
hōʻoia,6,verb,1,1,hooia,"to confirm, to affirm, to certify"
hōʻole,6,verb,1,1,hoole,"to deny, to refuse, to reject"
hōʻona,6,verb,1,1,hoona,intoxicating
ihoiho,6,noun,0,0,ihoiho,core of a tree; heartwood
ikaika,6,noun,0,0,ikaika,strength
ikiiki,6,verb,0,0,ikiiki,to be humid
inumia,6,verb,0,0,inumia,to drink
iākala,6,noun,0,1,iakala,jackal
kahakō,6,noun,0,1,kahako,"A macron, which when written over a vowel indicates that the vowel is long."
kahiki,6,noun,0,0,kahiki,foreign country
kahiko,6,verb,0,0,kahiko,"old, traditional, ancient"
kahuna,6,noun,0,0,kahuna,"priest, sorcerer, magician, minister, wizard"
kainui,6,noun,0,0,kainui,high tide
kaioke,6,noun,0,0,kaioke,coyote
kalaka,6,noun,0,0,kalaka,truck
kalame,6,noun,0,0,kalame,gram (unit of measure)
kalima,6,noun,0,0,kalima,cream
kamani,6,noun,0,0,kamani,"Calophyllum inophyllum, tree with wood used for house and canoe making"
kanahā,6,num,0,1,kanaha,forty
kanaka,6,noun,0,0,kanaka,"man, human, human being"
kanakē,6,noun,0,1,kanake,"candy, sweets"
kanapī,6,noun,0,1,kanapi,centipede
kaukau,6,verb,0,0,kaukau,to set a snare
kaʻaka,6,noun,1,0,kaaka,"fellow, chap, person, wretch"
keakea,6,noun,0,0,keakea,semen
kekahi,6,det,0,0,kekahi,"a certain, some"
kekele,6,noun,0,0,kekele,degree
kekona,6,noun,0,0,kekona,second (unit of time)
keʻehi,6,verb,1,0,keehi,"to stamp, to tramp"
keʻena,6,noun,1,0,keena,"nook, corner"
kikiki,6,noun,0,0,kikiki,ticket
kikino,6,noun,0,0,kikino,noun
kilika,6,noun,0,0,kilika,silk
kilohi,6,verb,0,0,kilohi,to observe
kiniki,6,noun,0,0,kiniki,zinc (chemical element)
kinoea,6,noun,0,0,kinoea,gas
kipaku,6,verb,0,0,kipaku,"to banish, to expel"
koholā,6,noun,0,1,kohola,humpback whale
kokoke,6,verb,0,0,kokoke,"near, close, closeby, adjacent"
kokoko,6,verb,0,0,kokoko,bloody; (of meat) rare
kokomi,6,noun,0,0,kokomi,sodomy
kokomo,6,verb,0,0,kokomo,to penetrate
kokuli,6,noun,0,0,kokuli,earwax
kolepa,6,noun,0,0,kolepa,golf (sport)
kolili,6,verb,0,0,kolili,to flutter
kolohe,6,verb,0,0,kolohe,"mischievous, naughty"
kolopā,6,noun,0,1,kolopa,crowbar
konini,6,verb,0,0,konini,Lānaʻi form of kolili (“to flutter”)
kuahao,6,noun,0,0,kuahao,"anvil, heavy iron block as work surface in blacksmithing"
kuhina,6,noun,0,0,kuhina,"councilor, minister, secretary"
kuikui,6,noun,0,0,kuikui,Niʻihau form of kukui (“candlenut”)
kukukū,6,noun,0,1,kukuku,caribou
kukula,6,verb,0,0,kukula,to attend school
kukule,6,verb,0,0,kukule,inactive
kukuli,6,verb,0,0,kukuli,to kneel
kulaʻi,6,verb,1,0,kulai,to push over; to overthrow; to shove; to push to one side
kumino,6,noun,0,0,kumino,cumin
kunāne,6,noun,0,1,kunane,brother or male cousin
kupuna,6,noun,0,0,kupuna,grandparent
kuʻina,6,noun,1,0,kuina,"punch, blow"
kāhala,6,noun,0,1,kahala,greater amberjack
kāhewa,6,verb,0,1,kahewa,"to miss, not find"
kāhili,6,noun,0,1,kahili,"feather standard mounted on a pole, as traditionally used in Hawaii on ceremonial occasions"
kāhinu,6,verb,0,1,kahinu,to anoint
kāholo,6,verb,0,1,kaholo,"swift, quick"
kāhuli,6,verb,0,1,kahuli,to change
kāhāhā,6,verb,0,1,kahaha,"to wonder, to be surprised"
kākela,6,noun,0,1,kakela,castle
kākini,6,noun,0,1,kakini,stocking
kākoʻo,6,verb,1,1,kakoo,"to support, to uphold, to favor"
kālani,6,noun,0,1,kalani,gallon (unit of measure)
kālele,6,verb,0,1,kalele,to lean upon
kālepa,6,noun,0,1,kalepa,"merchant, trader"
kāmaʻa,6,noun,1,1,kamaa,"sandal, slipper"
kāpena,6,noun,0,1,kapena,captain
kāwili,6,verb,0,1,kawili,to snare
kāʻahi,6,noun,1,1,kaahi,train
kāʻalo,6,verb,1,1,kaalo,to pass by
kēneka,6,noun,0,1,keneka,cent (currency unit)
kēpuka,6,noun,0,1,kepuka,"prank, trick"
kīkoʻo,6,verb,1,1,kikoo,"to stretch out, to extend"
kīpuka,6,noun,0,1,kipuka,"a variation or change in form, such as:"
kīwila,6,noun,0,1,kiwila,civilian
kīʻaha,6,noun,1,1,kiaha,"cup, mug"
kōnane,6,noun,0,1,konane,bright moonlight
kōpaʻa,6,noun,1,1,kopaa,sugar
kōʻala,6,noun,1,1,koala,grill
kūkini,6,noun,0,1,kukini,"a runner, swift messenger, as employed by old chiefs, with a premium on their speed"
kūkulu,6,noun,0,1,kukulu,"pillar, post"
kūlana,6,noun,0,1,kulana,"position, situation"
kūlolo,6,noun,0,1,kulolo,kulolo (traditional dessert made from taro and coconut)
kūmūmū,6,verb,0,1,kumumu,"dull, blunt"
lakuna,6,noun,0,0,lakuna,raccoon
lauhoe,6,noun,0,0,lauhoe,blade of a paddle
lauoho,6,noun,0,0,lauoho,hair (of human head)
lawena,6,noun,0,0,lawena,"carrying, movement"
lelele,6,verb,0,0,lelele,"to hop about, to caper"
lelemu,6,verb,0,0,lelemu,"sluggish, disinclined to get up"
leoleo,6,verb,0,0,leoleo,to speak loudly or vociferously
lumaʻi,6,verb,1,0,lumai,to drown (someone)
lākana,6,noun,0,1,lakana,lantana
lānahu,6,noun,0,1,lanahu,"coal, charcoal"
lāpaki,6,noun,0,1,lapaki,rabbit
lāʻiki,6,verb,1,1,laiki,tight
lēpela,6,noun,0,1,lepela,leprosy (disease)
lōkahi,6,noun,0,1,lokahi,"unity, accord"
lōʻihi,6,noun,1,1,loihi,"length, distance"
lūauʻi,6,noun,1,1,luaui,birth parent
mahalo,6,intj,0,0,mahalo,thank you
mahana,6,verb,0,0,mahana,warm
mahele,6,noun,0,0,mahele,"division, section"
mahina,6,noun,0,0,mahina,moon
mahāha,6,verb,0,1,mahaha,to be soft
maitai,6,verb,0,0,maitai,Niʻihau form of maikaʻi (“goodness”)
maiʻao,6,noun,1,0,maiao,fingernail
makala,6,verb,0,0,makala,"to loosen, to open a little"
makana,6,noun,0,0,makana,gift (present)
makani,6,noun,0,0,makani,wind
makaʻu,6,noun,1,0,makau,fear
makule,6,verb,0,0,makule,"aged, elderly"
malama,6,noun,0,0,malama,"moon, moonlight"
malino,6,verb,0,0,malino,"calm, peaceful, quiet"
malolo,6,verb,0,0,malolo,low
maloʻo,6,verb,1,0,maloo,dry
maluhi,6,verb,0,0,maluhi,"dull, sleepy"
mamaʻo,6,verb,1,0,mamao,greenish
manakō,6,noun,0,1,manako,mango
manawa,6,noun,0,0,manawa,"affections, feelings, disposition"
manaʻo,6,noun,1,0,manao,"thought, idea"
manene,6,verb,0,0,manene,"to sudder, to quake"
maneʻo,6,noun,1,0,maneo,"itch, prick, irritation, smart"
manini,6,noun,0,0,manini,"Acanthurus triostegus, a species of surgeonfish"
manono,6,noun,0,0,manono,any of various endemic shrubs chiefly in the genus Kadua
manunu,6,noun,0,0,manunu,"tremor, as of an earthquake"
maʻawe,6,noun,1,0,maawe,"thread, fiber, strand"
minuke,6,noun,0,0,minuke,minute (unit of time)
moamoa,6,verb,0,0,moamoa,"to care for, to supply with food"
momona,6,noun,0,0,momona,fat
monakō,6,noun,0,1,monako,glucose
māhana,6,noun,0,1,mahana,twins
mākaʻi,6,verb,1,1,makai,"to inspect, to police"
mākolu,6,verb,0,1,makolu,thick
mākonā,6,verb,0,1,makona,"hard, unyielding"
mākuʻe,6,noun,1,1,makue,brown (color/colour)
mālama,6,noun,0,1,malama,"care, preservation"
mālili,6,verb,0,1,malili,"blighted, blasted"
mālolo,6,noun,0,1,malolo,flying fish
māmaki,6,noun,0,1,mamaki,Waimea pipturus or Pipturus albidus
māpala,6,noun,0,1,mapala,marble (material)
māʻalo,6,verb,1,1,maalo,to pass by
māʻila,6,noun,1,1,maila,light-brown skin
māʻona,6,verb,1,1,maona,"full, satiated"
mīkini,6,noun,0,1,mikini,machine
mōhāhā,6,verb,0,1,mohaha,fully developed
mūkiʻi,6,noun,1,1,mukii,tether
naheka,6,noun,0,0,naheka,snake
nahele,6,noun,0,0,nahele,"forest, bush"
nakulu,6,noun,0,0,nakulu,dripping
nalala,6,noun,0,0,nalala,dinosaur
nanuka,6,noun,0,0,nanuka,polar bear
naonao,6,noun,0,0,naonao,ant
nikala,6,noun,0,0,nikala,nickel (chemical element)
nohona,6,noun,0,0,nohona,seat
noʻeau,6,verb,1,0,noeau,clever; wise
nunuha,6,verb,0,0,nunuha,"sulky, moody"
nākiʻi,6,verb,1,1,nakii,to tie
nākuʻi,6,verb,1,1,nakui,to rumble
nānahu,6,noun,0,1,nanahu,Lānaʻi form of lānahu (“charcoal”)
nānaku,6,noun,0,1,nanaku,great bulrush
nīkiʻi,6,verb,1,1,nikii,"to tie, to bind"
okaoka,6,noun,0,0,okaoka,"bits, particles"
paepae,6,noun,0,0,paepae,platform
pahele,6,noun,0,0,pahele,trap
paheʻe,6,verb,1,0,pahee,slippery
pakakē,6,noun,0,1,pakake,"gibberish, unintelligible speech"
pakini,6,noun,0,0,pakini,bucket
palaka,6,verb,0,0,palaka,indifferent; inactive; uninterested; lax; listless; apathetic; oblivious.
palaki,6,noun,0,0,palaki,brush
palala,6,noun,0,0,palala,brother
palaoa,6,noun,0,0,palaoa,flour
palaʻo,6,noun,1,0,palao,walrus
panakō,6,noun,0,1,panako,bank (financial institution)
papamū,6,noun,0,1,papamu,A stone with a board for playing kōnane carved into the top.
pauaho,6,verb,0,0,pauaho,"out of breath, winded"
paʻapū,6,verb,1,1,paapu,"dense, covered (i with)"
pepelu,6,verb,0,0,pepelu,repetitious (in speech)
piapia,6,noun,0,0,piapia,"the encrusted white matter in the eyes, as from sleeping or from sore eyes, ""sand"" in the eyes;"
pihaʻā,6,noun,1,1,pihaa,"floating debris, flotsam, jetsam, driftwood"
pilina,6,noun,0,0,pilina,adhering
pineki,6,noun,0,0,pineki,peanut
piopio,6,noun,0,0,piopio,chick
pipiʻi,6,verb,1,0,pipii,expensive
piʻina,6,noun,1,0,piina,"climb, ascent"
poepoe,6,verb,0,0,poepoe,"round, rounded"
pokela,6,noun,0,0,pokela,pottery
poloka,6,noun,0,0,poloka,frog
ponoʻī,6,noun,1,1,ponoi,self
pupuka,6,verb,0,0,pupuka,ugly
pupule,6,verb,0,0,pupule,"crazy, insane, reckless, wild"
pākali,6,verb,0,1,pakali,to decoy fish by doling out bait little-by-little
pākaua,6,noun,0,1,pakaua,"a fort, stronghold"
pākeke,6,noun,0,1,pakeke,pocket
pākiʻi,6,noun,1,1,pakii,flatfish
pākuʻi,6,verb,1,1,pakui,"to add on, to append, to annex"
pālala,6,noun,0,1,palala,feast
pālima,6,num,0,1,palima,"five by five, five at a time"
pāloke,6,noun,0,1,paloke,parrot
pāluna,6,noun,0,1,paluna,balloon
pānini,6,noun,0,1,panini,cactus
pānānā,6,noun,0,1,panana,"compass, device with floated needle that directs to the magnetic north"
pāpale,6,noun,0,1,papale,"hat, cap"
pāpapa,6,noun,0,1,papapa,bean
pāpaʻa,6,verb,1,1,papaa,"cooked crisp, toasted"
pāpaʻi,6,noun,1,1,papai,crab
pāpaʻu,6,verb,1,1,papau,shallow
pāwela,6,verb,0,1,pawela,"scorched, burned"
pāʻani,6,noun,1,1,paani,"play, sport, game, amusement, fun"
pāʻele,6,verb,1,1,paele,"to blacken, to blot, to paint black"
pāʻina,6,noun,1,1,paina,meal
pāʻumi,6,num,1,1,paumi,"ten times, ten at a time, by tens, etc."
pīhopa,6,noun,0,1,pihopa,bishop
pīkake,6,noun,0,1,pikake,peacock
pīlali,6,noun,0,1,pilali,hardened sap of the candlenut tree
pīʻāpā,6,noun,1,1,piapa,alphabet
pōhaku,6,noun,0,1,pohaku,"stone, rock, mineral"
pōhili,6,noun,0,1,pohili,baseball (sport)
pōhina,6,verb,0,1,pohina,gray
pōkaʻa,6,noun,1,1,pokaa,"reel, spool"
pōkaʻo,6,verb,1,1,pokao,barren
pōkole,6,noun,0,1,pokole,shortness
pōloli,6,verb,0,1,pololi,hungry
pōnalo,6,noun,0,1,ponalo,gnat; small fly
pōpeku,6,noun,0,1,popeku,American football (sport)
pōpoki,6,noun,0,1,popoki,cat
pōpolo,6,noun,0,1,popolo,black nightshade (Solanum nigrum)
pōʻaha,6,noun,1,1,poaha,"circle, ring"
pūhili,6,verb,0,1,puhili,to veer
pūhiʻu,6,verb,1,1,puhiu,to fart audibly
pūkiʻi,6,verb,1,1,pukii,"to tie, to bind"
pūkuʻi,6,verb,1,1,pukui,to collect
pūlale,6,verb,0,1,pulale,"to hurry, to rush, to hasten"
pūlumi,6,noun,0,1,pulumi,broom
pūnono,6,verb,0,1,punono,flushed red
pūʻulu,6,noun,1,1,puulu,"group, crowd"
tupuna,6,noun,0,0,tupuna,"Niʻihau form of kupuna (“grandparent, elder”)"
tūpuna,6,noun,0,1,tupuna,"Niʻihau form of kūpuna (“grandparents, elders”)"
ukiuki,6,verb,0,0,ukiuki,"annoyed, displeased, vexed"
uliuli,6,noun,0,0,uliuli,"blue, green, black, any dark color"
uluhua,6,verb,0,0,uluhua,"vexed, annoyed"
unaʻoa,6,noun,1,0,unaoa,worm snail (marine gastropod in the family Vermetidae)
uniona,6,noun,0,0,uniona,union
wahine,6,noun,0,0,wahine,"woman, female"
wailua,6,noun,0,0,wailua,"ghost, spirit"
waiwai,6,verb,0,0,waiwai,to be rich
welina,6,intj,0,0,welina,"hello, greetings (short for me ʻoukou ka welina o ke aloha)"
wilikī,6,noun,0,1,wiliki,engineer
wānana,6,noun,0,1,wanana,"prophecy, foretell, foresight"
ʻIlaka,6,verb,1,0,ilaka,Iraqi
ʻIlana,6,verb,1,0,ilana,Iranian
ʻahiku,6,num,1,0,ahiku,seven
ʻaholo,6,noun,1,0,aholo,"landslide, avalanche"
ʻakahi,6,phrase,1,0,akahi,"for the first time, never before"
ʻakele,6,noun,1,0,akele,acre
ʻakina,6,noun,1,0,akina,biting; bite
ʻakolo,6,verb,1,0,akolo,to attempt to creep
ʻakolu,6,num,1,0,akolu,three
ʻalalā,6,noun,1,1,alala,Hawaiian crow (Corvus hawaiiensis)
ʻalani,6,noun,1,0,alani,orange
ʻalima,6,num,1,0,alima,five
ʻalohi,6,verb,1,0,alohi,"to shine, glimmer or glister"
ʻamene,6,intj,1,0,amene,amen
ʻanakē,6,noun,1,1,anake,aunt (sister of one's parent)
ʻanoʻi,6,noun,1,0,anoi,"desire, longing"
ʻanuʻu,6,noun,1,0,anuu,"stairs, steps"
ʻaoʻao,6,noun,1,0,aoao,"side, flank"
ʻapōpō,6,noun,1,1,apopo,tomorrow
ʻauhau,6,noun,1,0,auhau,tribute
ʻauina,6,noun,1,0,auina,"slope, decline, descent"
ʻauwai,6,noun,1,0,auwai,ditch
ʻauʻau,6,verb,1,0,auau,to swim
ʻawalu,6,num,1,0,awalu,eight
ʻaʻalu,6,noun,1,0,aalu,"ravine, valley, depression"
ʻaʻano,6,verb,1,0,aano,"overbearing, arrogant"
ʻaʻehi,6,verb,1,0,aehi,to cross (e.g. a street)
ʻaʻohe,6,pron,1,0,aohe,none
ʻaʻole,6,intj,1,0,aole,"no, not"
ʻehiku,6,num,1,0,ehiku,seven
ʻekahi,6,num,1,0,ekahi,one
ʻekolu,6,num,1,0,ekolu,three
ʻelele,6,noun,1,0,elele,messenger
ʻelima,6,num,1,0,elima,five
ʻewalu,6,num,1,0,ewalu,eight
ʻieʻie,6,noun,1,0,ieie,Any of species Freycinetia arborea of woody climbers with aerial roots.
ʻikena,6,noun,1,0,ikena,"sight, scenery"
ʻiʻini,6,noun,1,0,iini,"desire, yearning"
ʻiʻiwi,6,noun,1,0,iiwi,"iiwi, scarlet honeycreeper"
ʻohana,6,noun,1,0,ohana,"family, relatives, kin group; ohana"
ʻokina,6,noun,1,0,okina,"cutting off, separation"
ʻopihi,6,noun,1,0,opihi,limpet
ʻoukou,6,pron,1,0,oukou,second person plural; you (three or more)
ʻoʻopu,6,noun,1,0,oopu,Any of various small marine or freshwater fish in the families Eleotridae (sleeper gobies) and Gobiidae (true gobies).
ʻuhane,6,noun,1,0,uhane,ghost
ʻumeke,6,noun,1,0,umeke,bowl
ʻupena,6,noun,1,0,upena,net
ʻuʻuku,6,verb,1,0,uuku,"tiny, small"
ʻāhewa,6,verb,1,1,ahewa,"to condemn, to convict"
ʻākala,6,noun,1,1,akala,Hawaiian raspberry (either of two species in the genus Rubus endemic to Hawaii):
ʻākaʻa,6,verb,1,1,akaa,to peel
ʻākepa,6,noun,1,1,akepa,Hawaiʻi ʻākepa (Loxops coccineus)
ʻālapa,6,noun,1,1,alapa,athlete
ʻālina,6,noun,1,1,alina,scar
ʻāluna,6,noun,1,1,aluna,descent
ʻāmana,6,noun,1,1,amana,Y-shaped crosspiece
ʻānela,6,noun,1,1,anela,angel
ʻāpiki,6,noun,1,1,apiki,trickery
ʻāpono,6,verb,1,1,apono,"to confirm, to affirm, to certify"
ʻāpuka,6,verb,1,1,apuka,to cheat
ʻāwini,6,verb,1,1,awini,sharp
ʻāwīwī,6,verb,1,1,awiwi,"quick, fast"
ʻīnaʻi,6,noun,1,1,inai,"relish, garnish"
ʻīniha,6,noun,1,1,iniha,inch
ʻīnika,6,noun,1,1,inika,ink
ʻīpuka,6,noun,1,1,ipuka,gateway
ʻōfeni,6,noun,1,1,ofeni,an offense; a criminal act
ʻōhaʻi,6,verb,1,1,ohai,imperfectly healed
ʻōhelo,6,noun,1,1,ohelo,Any Vaccinium species
ʻōhewa,6,verb,1,1,ohewa,"incoherent, drunk"
ʻōhinu,6,verb,1,1,ohinu,"greasy, shiny"
ʻōhiʻa,6,noun,1,1,ohia,mountain apple or Malay apple; Syzygium malaccense
ʻōkole,6,noun,1,1,okole,"anus, buttocks (less polite than lemu)"
ʻōkuhe,6,noun,1,1,okuhe,Any of species Eleotris sandwicensis of fishes in the family Eleotridae
ʻōkuhi,6,noun,1,1,okuhi,directions
ʻōlapa,6,verb,1,1,olapa,"to flash, to flare up"
ʻōlelo,6,noun,1,1,olelo,"language, speech"
ʻōlena,6,noun,1,1,olena,turmeric
ʻōmaʻo,6,noun,1,1,omao,Hawaiian thrush
ʻōmole,6,noun,1,1,omole,"bottle, jar, jug"
ʻōnaha,6,verb,1,1,onaha,"stooped, bent over"
ʻōnini,6,noun,1,1,onini,"slight breeze, puff of wind"
ʻōpala,6,noun,1,1,opala,"trash, garbage, rubbish"
ʻōpuhi,6,noun,1,1,opuhi,shampoo ginger (Zingiber zerumbet)
ʻōpule,6,verb,1,1,opule,"spotted, speckled"
ʻōpuʻu,6,noun,1,1,opuu,"bud, not yet opened blossom"
ʻōwehe,6,noun,1,1,owehe,description
ʻūhili,6,noun,1,1,uhili,"bat, club, racquet, etc."
ʻūhini,6,verb,1,1,uhini,"fine, weblike, slender"
Burunei,7,verb,0,0,burunei,Bruneian
Hawaiʻi,7,noun,1,0,hawaii,Hawaiian (person)
Kekokia,7,verb,0,0,kekokia,Scottish
Kinikiu,7,noun,0,0,kinikiu,a Chinese person
Kuekene,7,verb,0,0,kuekene,Swedish
Lakawia,7,verb,0,0,lakawia,Latvian
Nolewai,7,verb,0,0,nolewai,Norwegian
Paniolo,7,noun,0,0,paniolo,Spaniard
Pelekia,7,verb,0,0,pelekia,Persian
Poatahi,7,noun,0,0,poatahi,Niʻihau form of Pōʻakahi (“Monday”)
Pōʻalua,7,noun,1,1,poalua,Tuesday
Pōʻaono,7,noun,1,1,poaono,Saturday
Romānia,7,verb,0,1,romania,Romanian
Sepania,7,verb,0,0,sepania,Spanish
Sinapoa,7,verb,0,0,sinapoa,Singaporean
Tailani,7,verb,0,0,tailani,Thai
akahele,7,verb,0,0,akahele,"cautious, careful"
akemāmā,7,noun,0,1,akemama,lung
alakaʻi,7,verb,1,0,alakai,"to lead, to guide, to direct"
anahulu,7,noun,0,0,anahulu,a period of ten days
anapuni,7,noun,0,0,anapuni,boundary
diabolo,7,noun,0,0,diabolo,devil
hailawe,7,verb,0,0,hailawe,to exchange
hailepo,7,noun,0,0,hailepo,stingray
hailuku,7,verb,0,0,hailuku,to stone
hanauna,7,noun,0,0,hanauna,generation
hapalua,7,noun,0,0,hapalua,"half, half-dollar"
haukaʻe,7,verb,1,0,haukae,"to stain, to smear"
haulani,7,verb,0,0,haulani,to surge
haumāna,7,noun,0,1,haumana,student
hauʻoli,7,noun,1,0,hauoli,"happiness, joy"
haʻaheo,7,verb,1,0,haaheo,to cherish with pride
hiliuma,7,noun,0,0,hiliuma,helium (chemical element)
hoakipa,7,noun,0,0,hoakipa,visitor
hoomata,7,verb,0,0,hoomata,Niʻihau form of hoʻomaka (“to start”)
hoʻoheu,7,verb,1,0,hooheu,"to sprout, to germinate"
hoʻohui,7,verb,1,0,hoohui,"to join, to connect"
hoʻoilo,7,noun,1,0,hooilo,winter
hoʻokae,7,verb,1,0,hookae,"to despise, detest, treat with contempt or scorn"
hoʻokua,7,verb,1,0,hookua,to persevere (persist in a task that has become burdensome)
hoʻolei,7,verb,1,0,hoolei,"to throw, cast, send"
hoʻoneo,7,verb,1,0,hooneo,"to lay waste, to devastate"
hoʻonui,7,verb,1,0,hoonui,"to enlarge, to magnify"
hoʻopae,7,verb,1,0,hoopae,"to cluster, to form a row of"
hoʻopau,7,verb,1,0,hoopau,"to conclude, to finish"
hoʻopio,7,verb,1,0,hoopio,to extinguish
hoʻopoe,7,verb,1,0,hoopoe,to form into a round shape
hoʻoulu,7,verb,1,0,hooulu,to grow
hoʻākua,7,verb,1,1,hoakua,to deify
hoʻōnea,7,verb,1,1,hoonea,to desolate
huakaʻi,7,noun,1,0,huakai,"trip, journey"
huinahā,7,noun,0,1,huinaha,quadrangle
hālāwai,7,verb,0,1,halawai,to meet
hōʻaiʻē,7,verb,1,1,hoaie,"to lend, loan"
kahakai,7,noun,0,0,kahakai,"seashore, seaside, coast"
kahaone,7,noun,0,0,kahaone,a beach covered with sand
kahawai,7,noun,0,0,kahawai,"stream, creek"
kaimana,7,noun,0,0,kaimana,diamond
kalaima,7,noun,0,0,kalaima,crime
kalaina,7,noun,0,0,kalaina,carving
kalaiwa,7,verb,0,0,kalaiwa,to drive (a vehicle)
kanaiwa,7,num,0,0,kanaiwa,ninety
kanaono,7,num,0,0,kanaono,sixty
kanikau,7,noun,0,0,kanikau,"lamentation, dirge"
kapuahi,7,noun,0,0,kapuahi,"fireplace, hearth"
kapuaʻi,7,noun,1,0,kapuai,sole of the foot
kauhuhu,7,noun,0,0,kauhuhu,ridgepole
kaukani,7,num,0,0,kaukani,thousand
kaulana,7,verb,0,0,kaulana,to be famous
kaulaʻi,7,verb,1,0,kaulai,to hang up to dry
kaumaha,7,noun,0,0,kaumaha,weight
keleawe,7,noun,0,0,keleawe,copper (chemical element)
kenekoa,7,noun,0,0,kenekoa,senator
kiliona,7,num,0,0,kiliona,trillion
kinowai,7,noun,0,0,kinowai,liquid (as opposed to a solid or a gas)
kuahine,7,noun,0,0,kuahine,term of address for the sister or female cousin of a male
kuahiwi,7,noun,0,0,kuahiwi,mountain
kuapuʻu,7,noun,1,0,kuapuu,"hump, fleshy mass on camels etc"
kuaʻana,7,noun,1,0,kuaana,term of a address for an older sibling or cousin of the same sex
kulanui,7,noun,0,0,kulanui,university; college
kuleana,7,noun,0,0,kuleana,"right, responsibility, duty, obligation"
kulāiwi,7,noun,0,1,kulaiwi,native land. homeland
kuʻihao,7,noun,1,0,kuihao,blacksmith
kālelei,7,verb,0,1,kalelei,to listen (to)
kānāwai,7,noun,0,1,kanawai,"code, law, statute, act"
kīhāpai,7,noun,0,1,kihapai,"garden, patch"
laholio,7,noun,0,0,laholio,"rubber, flexible and pliable material made from coagulating natural latex of the rubber tree (Hevea brasiliensis)."
lauhala,7,noun,0,0,lauhala,"A screwpine leaf, especially when used in plaiting."
laukōnā,7,verb,0,1,laukona,"heartless, merciless"
lauleʻa,7,noun,1,0,laulea,"peace, happiness"
lawaiʻa,7,noun,1,0,lawaia,fisherman (person who attempts to catch fish)
likiuma,7,noun,0,0,likiuma,lithium (chemical element)
luahine,7,noun,0,0,luahine,old woman
luakaha,7,noun,0,0,luakaha,place of relaxation
mahiole,7,noun,0,0,mahiole,"royal headgear, helmet"
mahiʻai,7,noun,1,0,mahiai,farmer
maikaʻi,7,noun,1,0,maikai,"goodness, wellness"
makamae,7,verb,0,0,makamae,precious
makeima,7,noun,0,0,makeima,macadamia nut
maluhia,7,noun,0,0,maluhia,"peace, stillness"
maopopo,7,verb,0,0,maopopo,to understand
meakanu,7,noun,0,0,meakanu,plant (botany)
mikiʻao,7,noun,1,0,mikiao,fingernail
miliona,7,num,0,0,miliona,million
moehewa,7,verb,0,0,moehewa,"to figit, talk, or walk in one's sleep"
mukuela,7,noun,0,0,mukuela,weasel
māiʻuʻu,7,noun,1,1,maiuu,nail; keratin end of the toes and fingers
mānaleo,7,noun,0,1,manaleo,native speaker (lit. inherited language)
naʻauao,7,verb,1,0,naauao,"enlightened, intelligent, wise"
naʻaupō,7,verb,1,1,naaupo,ignorant
nehinei,7,noun,0,0,nehinei,yesterday
paniolo,7,noun,0,0,paniolo,cowboy
paukikī,7,verb,0,1,paukiki,"fast, speedy"
paʻahao,7,noun,1,0,paahao,prisoner
paʻakai,7,noun,1,0,paakai,salt
pepeiao,7,noun,0,0,pepeiao,ear
pilikia,7,noun,0,0,pilikia,"trouble, difficulty, distress"
piliona,7,num,0,0,piliona,billion
pololei,7,verb,0,0,pololei,"correct, right"
pounamu,7,noun,0,0,pounamu,"jade, jadeite"
puaiohi,7,noun,0,0,puaiohi,small Kauaʻi thrush
punihei,7,verb,0,0,punihei,"ensnared, entangled"
puʻuwai,7,noun,1,0,puuwai,heart
pālākiō,7,noun,0,1,palakio,"scale, in math"
pōwāwae,7,noun,0,1,powawae,"association football, soccer (sport)"
pūhihio,7,verb,0,1,puhihio,"to whirl, to blow"
pūkiawe,7,noun,0,1,pukiawe,jequirity bean
sodiuma,7,noun,0,0,sodiuma,sodium (chemical element)
tausani,7,num,0,0,tausani,thousand
uhalula,7,noun,0,0,uhalula,A sea urchin with long spines.
uluwehi,7,noun,0,0,uluwehi,lush growth
unuhina,7,noun,0,0,unuhina,translation
waimaka,7,noun,0,0,waimaka,tears (water that flows from the eyes)
walaʻau,7,verb,1,0,walaau,"to talk, speak"
ānuenue,7,noun,0,1,anuenue,rainbow
ʻEulopa,7,verb,1,0,eulopa,"European (of, from or relating to Europe)"
ʻahahui,7,noun,1,0,ahahui,"society, club, organization"
ʻeʻehia,7,noun,1,0,eehia,awe-inspiring
ʻiliahi,7,noun,1,0,iliahi,sandalwood (Santalum)
ʻilikai,7,noun,1,0,ilikai,surface of the sea
ʻoihana,7,noun,1,0,oihana,"occupation, trade, job"
ʻĪkālia,7,verb,1,1,ikalia,Italian
Kelewine,8,noun,0,0,kelewine,Kelvin (unit of temperature)
Kenemaka,8,verb,0,0,kenemaka,Danish
Lituania,8,verb,0,0,lituania,Lithuanian
Malaisia,8,verb,0,0,malaisia,Malaysian
Menehune,8,noun,0,0,menehune,Menehune
Naigeria,8,verb,0,0,naigeria,Nigerian
Nuʻuhiwa,8,verb,1,0,nuuhiwa,Marquesan
Pakitana,8,verb,0,0,pakitana,Pakistani
Palakila,8,verb,0,0,palakila,Brazilian
Pelekāne,8,verb,0,1,pelekane,"English, British"
Pilipino,8,noun,0,0,pilipino,a Filipino
Pinilana,8,verb,0,0,pinilana,Finnish
Pokoliko,8,verb,0,0,pokoliko,Puerto Rican
Pokukala,8,verb,0,0,pokukala,Portuguese
Pōʻakahi,8,noun,1,1,poakahi,Monday
Pōʻakolu,8,noun,1,1,poakolu,Wednesday
Pōʻalima,8,noun,1,1,poalima,Friday
ahupuaʻa,8,noun,1,0,ahupuaa,a wedge-shaped land subdivision of ancient Hawaii which extended from the mountains to the sea
anawaena,8,noun,0,0,anawaena,diameter
hakahaka,8,noun,0,0,hakahaka,vacancy
hakuhaku,8,verb,0,0,hakuhaku,lumpy
halahala,8,noun,0,0,halahala,correction
halehale,8,verb,0,0,halehale,towering
hanahana,8,verb,0,0,hanahana,"hot, warm"
hanohano,8,verb,0,0,hanohano,"distinguished, honored, dignified"
hapakolu,8,noun,0,0,hapakolu,third (third part of something)
haʻahaʻa,8,noun,1,0,haahaa,lowness
haʻalele,8,verb,1,0,haalele,"to leave, to desert"
haʻalulu,8,noun,1,0,haalulu,to cause to shake
haʻawina,8,noun,1,0,haawina,"lesson, assignment"
haʻihaʻi,8,verb,1,0,haihai,to speak back and forth
haʻiinoa,8,noun,1,0,haiinoa,noun
haʻupoho,8,noun,1,0,haupoho,parachute
helahela,8,noun,0,0,helahela,redness of the eye
heleāiʻa,8,verb,1,1,heleaia,to swim like a fish
heleāwai,8,verb,0,1,heleawai,to flow like water
heluhelu,8,verb,0,0,heluhelu,to read
hemahema,8,verb,0,0,hemahema,"awkward, clumsy"
hemolele,8,noun,0,0,hemolele,perfection
henehene,8,verb,0,0,henehene,"to mock, tease, laugh at"
hihiawai,8,noun,0,0,hihiawai,swamp fern (Ceratopteris thalictroides)
hikaluhi,8,noun,0,0,hikaluhi,self-care
hikiāloa,8,verb,0,1,hikialoa,"long-term, long-range"
hilinaʻi,8,verb,1,0,hilinai,to lean on
hinahina,8,noun,0,0,hinahina,"Heliotropium anomalum, a heliotrope of the Pacific Islands"
hiʻuhiʻu,8,noun,1,0,hiuhiu,"braid or plait end, loose ends of a woven mat or lei"
hoikiuna,8,noun,0,0,hoikiuna,dolphin
holoholo,8,verb,0,0,holoholo,"to go for a walk, ride, or sail; to go out for pleasure, stroll, promenade"
holoāiʻa,8,verb,1,1,holoaia,to swim like a fish
hopohopo,8,verb,0,0,hopohopo,"anxious, uncertain, fearful"
hoʻihoʻi,8,verb,1,0,hoihoi,"to return, to send back"
hoʻohaku,8,verb,1,0,hoohaku,to act like a lord
hoʻohana,8,verb,1,0,hoohana,to use
hoʻohina,8,verb,1,0,hoohina,"to throw, to knock over"
hoʻoholo,8,verb,1,0,hooholo,"to sail, run, ride (as a horse), flush (as a toilet)"
hoʻokala,8,verb,1,0,hookala,to sharpen
hoʻokipa,8,verb,1,0,hookipa,to entertain (treat hospitably)
hoʻokolo,8,verb,1,0,hookolo,to make crawl
hoʻokomo,8,verb,1,0,hookomo,to insert
hoʻokuke,8,verb,1,0,hookuke,"to banish, to expel"
hoʻokuʻu,8,verb,1,0,hookuu,"to release, to let go"
hoʻokāne,8,verb,1,1,hookane,to act like a man
hoʻokūkū,8,verb,1,1,hookuku,to compete
hoʻolaka,8,verb,1,0,hoolaka,"to tame, to domesticate"
hoʻolawe,8,noun,1,0,hoolawe,deduction
hoʻolohe,8,verb,1,0,hoolohe,to listen to
hoʻololi,8,verb,1,0,hoololi,"to alter, to amend, to change"
hoʻoluʻu,8,verb,1,0,hooluu,"to plunge or dip something in liquids, dyes, solutions etc"
hoʻomaha,8,verb,1,0,hoomaha,"to pause, to rest"
hoʻomaka,8,verb,1,0,hoomaka,"to begin, start"
hoʻomake,8,verb,1,0,hoomake,to kill
hoʻomale,8,verb,1,0,hoomale,to wed (perform the marriage ceremony for)
hoʻomana,8,verb,1,0,hoomana,"to place into a position of authority, to put in power"
hoʻomanō,8,verb,1,1,hoomano,to act like a shark
hoʻomoʻa,8,verb,1,0,hoomoa,to cook
hoʻomālū,8,verb,1,1,hoomalu,to calm down
hoʻonani,8,verb,1,0,hoonani,to beautify
hoʻonoho,8,verb,1,0,hoonoho,to take up residence
hoʻonuha,8,verb,1,0,hoonuha,to sulk; to cause to sulk
hoʻopaʻa,8,verb,1,0,hoopaa,to make firm
hoʻopiʻo,8,verb,1,0,hoopio,"to bend, to curve"
hoʻopuka,8,verb,1,0,hoopuka,"to perforate, to puncture"
hoʻouahi,8,verb,1,0,hoouahi,to smoke or fumigate something
hoʻowela,8,verb,1,0,hoowela,to burn
hoʻoʻino,8,verb,1,0,hooino,"to harm, to injure"
hulihuli,8,verb,0,0,hulihuli,"to turn repeatedly, to revolve"
huluhulu,8,noun,0,0,huluhulu,body hair (as opposed to lauoho (“hair of the head”))
humuhumu,8,noun,0,0,humuhumu,triggerfish
hunahuna,8,noun,0,0,hunahuna,"particles, crumbs"
huʻahuʻa,8,noun,1,0,huahua,"foam, froth"
huʻihuʻi,8,verb,1,0,huihui,cold
hāʻāpuka,8,noun,1,1,haapuka,to cause to cheat
hōkūnaʻi,8,noun,1,1,hokunai,asteroid
hōʻaumoe,8,verb,1,1,hoaumoe,to pass the night
hōʻauʻau,8,verb,1,1,hoauau,to bath (give a bath to)
ianakama,8,noun,0,0,ianakama,ginseng (any plant of two species of the genus Panax (Panax ginseng and Panax quinquefolius))
iwakālua,8,num,0,1,iwakalua,twenty
kahikolu,8,verb,0,0,kahikolu,three-in-one
kaikaina,8,noun,0,0,kaikaina,a younger sibling
kakalina,8,noun,0,0,kakalina,gasoline
kalakala,8,verb,0,0,kalakala,"craggy, thorny"
kalapuna,8,noun,0,0,kalapuna,seagull
kalepona,8,noun,0,0,kalepona,carbon (chemical element)
kalipuna,8,noun,0,0,kalipuna,calcium (chemical element)
kaloline,8,noun,0,0,kaloline,chlorine (chemical element)
kalukalu,8,noun,0,0,kalukalu,a kind of fern
kamaliʻi,8,noun,1,0,kamalii,"children, progeny"
kanahiku,8,num,0,0,kanahiku,seventy
kanakolu,8,num,0,0,kanakolu,thirty
kanalima,8,num,0,0,kanalima,fifty
kanaluna,8,noun,0,0,kanaluna,"Chinese lantern, paper lantern"
kanauika,8,noun,0,0,kanauika,sandwich
kanawalu,8,num,0,0,kanawalu,eighty
kapikala,8,noun,0,0,kapikala,capital city
kaunaʻoa,8,noun,1,0,kaunaoa,Any of species Cuscuta sandwichiana of parasitic vines endemic to the Hawai'ian Islands.
kaʻawale,8,verb,1,0,kaawale,to separate
kaʻikaʻi,8,verb,1,0,kaikai,"to lift up, to raise"
kaʻokaʻo,8,verb,1,0,kaokao,"high, lofty"
kaʻukaʻu,8,verb,1,0,kaukau,"to linger, to delay"
kelepona,8,noun,0,0,kelepona,telephone
keʻokeʻo,8,noun,1,0,keokeo,white (color)
kikokiko,8,verb,0,0,kikokiko,"dotted, spotted, speckled"
kilakila,8,verb,0,0,kilakila,"majestic, imposing"
kilohana,8,noun,0,0,kilohana,lookout post
kinipōpō,8,noun,0,1,kinipopo,ball
kinopaʻa,8,noun,1,0,kinopaa,solid (as opposed to a gas or liquid)
kiʻekiʻe,8,verb,1,0,kiekie,"high, lofty"
kobalata,8,noun,0,0,kobalata,cobalt (chemical element)
kokoleka,8,noun,0,0,kokoleka,chocolate
komohana,8,noun,0,0,komohana,west
konakona,8,verb,0,0,konakona,"rough, uneven"
konākonā,8,verb,0,1,konakona,to dislike
koʻekoʻe,8,verb,1,0,koekoe,"chilled, cold"
koʻokoʻo,8,noun,1,0,kookoo,cane; staff; rod
kuaʻāina,8,noun,1,1,kuaaina,"countryside, country (contrasted with ""city""), backwoods"
kumuhana,8,noun,0,0,kumuhana,topic
kumulipo,8,noun,0,0,kumulipo,"origin, genesis"
kupeleko,8,noun,0,0,kupeleko,cypress
kupukupu,8,verb,0,0,kupukupu,to surge forth
kuʻekuʻe,8,noun,1,0,kuekue,knuckle
kūionoko,8,noun,0,1,kuionoko,dugong
kūkaeuli,8,noun,0,1,kukaeuli,ink excreted by an octopus in order to escape
kūkākūkā,8,verb,0,1,kukakuka,to discuss
kūnāhihi,8,noun,0,1,kunahihi,numb
kūʻauhau,8,noun,1,1,kuauhau,genealogy
kūʻokoʻa,8,verb,1,1,kuokoa,"independent, free"
lahilahi,8,noun,0,0,lahilahi,"thinness, frailty, flimsiness"
lamalama,8,noun,0,0,lamalama,torch fishing
lanakila,8,noun,0,0,lanakila,"victory, triumph"
lapuwale,8,noun,0,0,lapuwale,vanity
lawehala,8,noun,0,0,lawehala,evil; malevolence
lehulehu,8,noun,0,0,lehulehu,"multitude, crowd"
lenalena,8,noun,0,0,lenalena,orange-hued yellow (color)
lepeamoa,8,noun,0,0,lepeamoa,cockscomb (Celosia cristata)
lepelepe,8,verb,0,0,lepelepe,fringed
leʻaleʻa,8,verb,1,0,lealea,to have a good time
lilikoʻi,8,noun,1,0,lilikoi,passion fruit
limahana,8,noun,0,0,limahana,"worker, employee"
limalima,8,verb,0,0,limalima,to handle
liʻiliʻi,8,verb,1,0,liilii,"little, few"
lokoʻino,8,noun,1,0,lokoino,"an evil disposition, a lack of kindness"
lolouila,8,noun,0,0,lolouila,computer
loukuaka,8,noun,0,0,loukuaka,loquat
makahiki,8,noun,0,0,makahiki,a year
makahiti,8,noun,0,0,makahiti,Niʻihau form of makahiki (“year”)
makautau,8,noun,0,0,makautau,"Niʻihau form of mākaukau (“competence, proficiency, efficiency”)"
makaʻina,8,noun,1,0,makaina,guard
makemake,8,noun,0,0,makemake,desire
malihini,8,noun,0,0,malihini,foreigner; stranger; tourist; newcomer
manakuke,8,noun,0,0,manakuke,mongoose (Herpestidae)
manamana,8,noun,0,0,manamana,"finger, toe"
maʻalahi,8,noun,1,0,maalahi,"ease, simplicity"
maʻalili,8,verb,1,0,maalili,"to be cool, to dissipate heat"
maʻamaʻa,8,verb,1,0,maamaa,"accustomed, experienced"
maʻemaʻe,8,verb,1,0,maemae,to be clean
mehameha,8,noun,0,0,mehameha,"loneliness, solitude"
melemele,8,noun,0,0,melemele,light yellow (color)
menehune,8,verb,0,0,menehune,to gather together and work to complete a task
mikanele,8,noun,0,0,mikanele,missionary
mikomiko,8,verb,0,0,mikomiko,lightly salted
minoʻaka,8,noun,1,0,minoaka,smile
mokulele,8,noun,0,0,mokulele,airplane
mokuluʻu,8,noun,1,0,mokuluu,submarine
mokupuni,8,noun,0,0,mokupuni,island
moʻopuna,8,noun,1,0,moopuna,"grandchild, grandniece, grandnephew"
muʻumuʻu,8,verb,1,0,muumuu,"to be cut off, shortened"
māhaehae,8,verb,0,1,mahaehae,to tear to shreds
mākaukau,8,noun,0,1,makaukau,"competence, proficiency, efficiency, aptitude, preparation"
mālualua,8,verb,0,1,malualua,full of ruts or puddles
mānienie,8,noun,0,1,manienie,Bermuda grass
māunauna,8,verb,0,1,maunauna,"wasteful, extravagant"
māʻeʻele,8,verb,1,1,maeele,"numb, gone to sleep"
mōakaaka,8,verb,0,1,moakaaka,"clear, plain, intelligible"
nahenahe,8,verb,0,0,nahenahe,soft
nalowale,8,verb,0,0,nalowale,"lost, gone"
nanahana,8,noun,0,0,nanahana,The ginkgo tree
nananana,8,noun,0,0,nananana,spider (“arachnid”)
naʻanaʻa,8,verb,1,0,naanaa,potbellied
naʻokoko,8,noun,1,0,naokoko,cholesterol
nihoniho,8,verb,0,0,nihoniho,"to be toothed, notched, serrated"
noʻonoʻo,8,noun,1,0,noonoo,"thought, reflection"
nīnauele,8,noun,0,1,ninauele,interview
pakaliao,8,noun,0,0,pakaliao,codfish
palapala,8,noun,0,0,palapala,printed patterns on kapa cloth
palekana,8,noun,0,0,palekana,"protection, defense"
palānaka,8,noun,0,1,palanaka,A winged bean plant (Psophocarpus tetragonolobus)
panepane,8,verb,0,0,panepane,to talk back
paniinoa,8,noun,0,0,paniinoa,pronoun
papakema,8,noun,0,0,papakema,baptism
papekema,8,verb,0,0,papekema,to baptize
papekiko,8,verb,0,0,papekiko,to baptize
paʻakīkī,8,verb,1,1,paakiki,"hard, difficult"
paʻikiʻi,8,noun,1,0,paikii,photograph
pekapeka,8,verb,0,0,pekapeka,to tattle
pelapela,8,verb,0,0,pelapela,"filthy, dirty, nasty, unclean"
penikala,8,noun,0,0,penikala,pencil
pikipiki,8,verb,0,0,pikipiki,"to pinch, to squeeze"
pilikana,8,noun,0,0,pilikana,relationship
piʻipiʻi,8,verb,1,0,piipii,curly
pokepola,8,noun,0,0,pokepola,phosphorus (chemical element)
polomine,8,noun,0,0,polomine,bromine (chemical element)
polopeka,8,noun,0,0,polopeka,professor
ponopono,8,verb,0,0,ponopono,"neat, tidy, arranged, in order"
poʻohiwi,8,noun,1,0,poohiwi,shoulder
puhikiʻi,8,noun,1,0,puhikii,young flying fish
pukaball,8,noun,0,0,pukaball,The sport of pickleball.
pulukeke,8,noun,0,0,pulukeke,"bullshit, nonsense"
pumehana,8,verb,0,0,pumehana,warm
punipuni,8,verb,0,0,punipuni,to lie (tell falsehoods)
puʻukani,8,verb,1,0,puukani,sweet-voiced
puʻupuʻu,8,verb,1,0,puupuu,lumpy
pāheahea,8,verb,0,1,paheahea,to call (especially to invite to eat)
pāhoehoe,8,noun,0,1,pahoehoe,pahoehoe (a kind of lava)
pākaukau,8,noun,0,1,pakaukau,table
pākuʻina,8,noun,1,1,pakuina,appendix
pāleoleo,8,verb,0,1,paleoleo,"to rap, to speak lyrics rhythmically usual of hip-hop music."
pānakana,8,noun,0,1,panakana,any plant of the genus Pandanus; the screw pines
pāpālina,8,noun,0,1,papalina,cheek
pīhoihoi,8,verb,0,1,pihoihoi,"disturbed, worried, uneasy"
pōhīnaʻi,8,noun,1,1,pohinai,basketball (sport)
pōʻaeʻae,8,noun,1,1,poaeae,"armpit, underarm"
silikone,8,noun,0,0,silikone,silicon (chemical element)
ulepuaʻa,8,noun,1,0,ulepuaa,corkscrew
wahaheʻe,8,verb,1,0,wahahee,to lie (tell an untruth)
wahīʻeha,8,noun,1,1,wahieha,bandage
waiohinu,8,noun,0,0,waiohinu,dahlia
waiūpaka,8,noun,0,1,waiupaka,butter
waiūpaʻa,8,noun,1,1,waiupaa,cheese
waiūtepe,8,noun,0,1,waiutepe,yogurt
waleluka,8,noun,0,0,waleluka,walrus
wehewehe,8,verb,0,0,wehewehe,to explain
welaweka,8,noun,0,0,welaweka,velvet
wikiwiki,8,verb,0,0,wikiwiki,"to be quick, to be speedy"
wiliwili,8,noun,0,0,wiliwili,"A fabaceous flowering tree of species Erythrina sandwicensis, endemic to the Hawaiian Islands"
wulekula,8,noun,0,0,wulekula,vulture (bird)
ʻAikiopa,8,verb,1,0,aikiopa,Ethiopian
ʻAlapama,8,noun,1,0,alapama,"Alabamian, a resident or native of Alabama"
ʻAlekina,8,verb,1,0,alekina,Argentinian
ʻAmelika,8,verb,1,0,amelika,"American (of, from or relating to the United States)"
ʻApelika,8,verb,1,0,apelika,"African (of, from or relating to Africa)"
ʻIlelani,8,verb,1,0,ilelani,Irish
ʻUkelena,8,verb,1,0,ukelena,Ukrainian
ʻahamaka,8,noun,1,0,ahamaka,"hammock (as of tapa, fastened to the manuea, center support of a house)"
ʻahamele,8,noun,1,0,ahamele,concert
ʻahaʻaha,8,noun,1,0,ahaaha,cordage
ʻaiāmanō,8,verb,1,1,aiamano,to eat like a pig; to eat greedily
ʻakaʻaka,8,noun,1,0,akaaka,laughter
ʻakekeʻe,8,noun,1,0,akekee,Kauaʻi ʻākepa (Loxops caeruleirostris)
ʻakiʻaki,8,verb,1,0,akiaki,"to snap constantly, repeatedly"
ʻakolika,8,noun,1,0,akolika,ostrich
ʻalamihi,8,noun,1,0,alamihi,thukuhar shore-crab
ʻaleʻale,8,noun,1,0,aleale,ripple
ʻalopeka,8,noun,1,0,alopeka,fox (Vulpes)
ʻalopeke,8,noun,1,0,alopeke,fox (Vulpes)
ʻaloʻalo,8,noun,1,0,aloalo,"escort, attendant"
ʻaluʻalu,8,noun,1,0,alualu,skin
ʻamaʻama,8,noun,1,0,amaama,flathead mullet (Mugil cephalus)
ʻanakala,8,noun,1,0,anakala,uncle (brother of one's parent)
ʻanemoku,8,noun,1,0,anemoku,peninsula
ʻanoʻano,8,noun,1,0,anoano,seed
ʻanāʻanā,8,noun,1,1,anaana,"black magic, sorcery"
ʻapeʻape,8,noun,1,0,apeape,Any Gunnera species.
ʻaragona,8,noun,1,0,aragona,argon (chemical element)
ʻauinalā,8,noun,1,1,auinala,afternoon (time of day when the sun is setting)
ʻauinapō,8,noun,1,1,auinapo,"midnight, late night"
ʻaumakua,8,noun,1,0,aumakua,family god
ʻawapuhi,8,noun,1,0,awapuhi,"Shampoo ginger, Zingiber zerumbet"
ʻawaʻawa,8,noun,1,0,awaawa,"sourness, acidity"
ʻehaʻeha,8,noun,1,0,ehaeha,"extreme pain, agony"
ʻelekule,8,noun,1,0,elekule,old fellow
ʻelenahu,8,noun,1,0,elenahu,peat
ʻelepani,8,noun,1,0,elepani,elephant
ʻeleweka,8,noun,1,0,eleweka,"elevator, lift"
ʻeleʻele,8,noun,1,0,eleele,black (color)
ʻemepake,8,noun,1,0,emepake,embassy
ʻeʻeʻina,8,verb,1,0,eeina,"to creak; crackle; grate, as one thing against another"
ʻikepili,8,noun,1,0,ikepili,data
ʻilikini,8,verb,1,0,ilikini,"to be naked, nude"
ʻinamona,8,noun,1,0,inamona,"a condiment made from crushed, roasted candlenut mixed with salt."
ʻinoʻino,8,verb,1,0,inoino,"spoiled, contaminated, rotten"
ʻiʻoʻiʻo,8,noun,1,0,ioio,clitoris
ʻohenānā,8,noun,1,1,ohenana,telescope
ʻokikene,8,noun,1,0,okikene,oxygen (chemical element)
ʻoluʻolu,8,verb,1,0,oluolu,"to be pleasant, nice"
ʻonaʻona,8,verb,1,0,onaona,dizzy
ʻonipaʻa,8,verb,1,0,onipaa,"fixed, immobile"
ʻoniʻoni,8,verb,1,0,onioni,"to go or move back and forth, to wiggle, to jiggle, to wag"
ʻopiʻopi,8,verb,1,0,opiopi,to fold
ʻoʻoleʻa,8,verb,1,0,oolea,hard
ʻukiʻuki,8,noun,1,0,ukiuki,"Any of species Dianella sandwicensis of flax lilies, native to Hawaii."
ʻukulele,8,noun,1,0,ukulele,a small four-stringed guitar: a ukulele
ʻulaʻula,8,noun,1,0,ulaula,red (color)
ʻumiʻumi,8,noun,1,0,umiumi,"beard, goatee"
ʻāheahea,8,noun,1,1,aheahea,"Any of species Chenopodium oahuense of goosefoots, endemic to the Hawaiian Islands."
ʻālualua,8,verb,1,1,alualua,"bumpy, rough (of a road)"
ʻōneanea,8,verb,1,1,oneanea,desolate
ʻūheheʻe,8,noun,1,1,uhehee,solvent
ʻūhōloʻa,8,noun,1,1,uholoa,dispenser
Hunakalia,9,verb,0,0,hunakalia,Hungarian
Kamabodia,9,verb,0,0,kamabodia,Cambodian
Kelemānia,9,verb,0,1,kelemania,German
Kolomepia,9,verb,0,0,kolomepia,Colombian
Kuikilani,9,verb,0,0,kuikilani,Swiss
Pelekiuma,9,verb,0,0,pelekiuma,Belgian
Pelekānia,9,verb,0,1,pelekania,"British, English"
Polenekia,9,noun,0,0,polenekia,a Polynesian
Pulukalia,9,verb,0,0,pulukalia,Bulgarian
Solowakia,9,verb,0,0,solowakia,Slovakian
Wiekanama,9,verb,0,0,wiekanama,Vietnamese
ahimakani,9,noun,0,0,ahimakani,gasoline
akeakamai,9,noun,0,0,akeakamai,"one who seeks knowledge, philosopher, philosophy, scientist, science"
anamanaʻo,9,noun,1,0,anamanao,"survey, poll"
haikokene,9,noun,0,0,haikokene,hydrogen (chemical element)
haukalima,9,noun,0,0,haukalima,ice cream
haukapila,9,noun,0,0,haukapila,hospital
hoʻohaole,9,verb,1,0,hoohaole,to act like a white person
hoʻohāliu,9,noun,1,1,hoohaliu,to cause to turn
hoʻokahua,9,verb,1,0,hookahua,to lay a foundation
hoʻolaulā,9,verb,1,1,hoolaula,"to widen, to broaden"
hoʻomakua,9,verb,1,0,hoomakua,to mature
hoʻomaʻau,9,verb,1,0,hoomaau,to persecute
hoʻomoana,9,verb,1,0,hoomoana,to spread down (of mats)
hoʻomālie,9,verb,1,1,hoomalie,to calm
hoʻonauki,9,verb,1,0,hoonauki,"aggravating, annoying, exasperating, provoking"
hoʻopālua,9,verb,1,1,hoopalua,to double
hoʻopōʻai,9,verb,1,1,hoopoai,"to encircle, to surround"
hoʻōkaoka,9,verb,1,1,hookaoka,to pulverize
huaʻōlelo,9,noun,1,1,huaolelo,word
huinakolu,9,noun,0,0,huinakolu,triangle
hukialewa,9,noun,0,0,hukialewa,"chin-up, pull-up"
huliāmahi,9,verb,0,1,huliamahi,"to cooperate, act in unanimity (in great numbers)"
kahahānai,9,noun,0,1,kahahanai,radius
kahuapaʻa,9,noun,1,0,kahuapaa,website; web page
kaikoʻeke,9,noun,1,0,kaikoeke,brother-in-law
kaikunāne,9,noun,0,1,kaikunane,brother or male cousin
kakahiaka,9,noun,0,0,kakahiaka,morning (time of day around dawn)
kamakuaka,9,noun,0,0,kamakuaka,kumquat
kamaʻilio,9,verb,1,0,kamailio,"to talk, converse"
kamaʻāina,9,noun,1,1,kamaaina,a person born and bred in Hawaii
kamepiula,9,noun,0,0,kamepiula,computer
kamepuila,9,noun,0,0,kamepuila,computer
katahiaka,9,noun,0,0,katahiaka,Niʻihau form of kakahiaka (“morning”)
keonimana,9,noun,0,0,keonimana,gentleman
kipikelia,9,noun,0,0,kipikelia,diphtheria
kumulāʻau,9,noun,1,1,kumulaau,tree
kūkaeloli,9,noun,0,1,kukaeloli,mildew
kūkaenalo,9,noun,0,1,kukaenalo,beeswax
kūkaepele,9,noun,0,1,kukaepele,sulfur (chemical element)
makuahine,9,noun,0,0,makuahine,mother
matuahine,9,noun,0,0,matuahine,Niʻihau form of makuahine (“mother”)
mokuhonua,9,noun,0,0,mokuhonua,continent
mokuʻāina,9,noun,1,1,mokuaina,"state, district, province"
naikokene,9,noun,0,0,naikokene,nitrogen (chemical element)
naʻaukake,9,noun,1,0,naaukake,sausage
naʻauʻauā,9,noun,1,1,naauaua,suicidal grief
ninaninau,9,verb,0,0,ninaninau,"to interrogate, ask questions repeatedly"
paikikala,9,noun,0,0,paikikala,bicycle
panalāʻau,9,noun,1,1,panalaau,"territory, dependency, colony, province"
paʻanaʻau,9,verb,1,0,paanaau,"memorized, remembered"
penekuina,9,noun,0,0,penekuina,penguin
potasiuma,9,noun,0,0,potasiuma,potassium (chemical element)
puahiohio,9,noun,0,0,puahiohio,"whirlwind, gust"
pulelehua,9,noun,0,0,pulelehua,"butterfly, moth"
pāʻoihana,9,noun,1,1,paoihana,"business, enterprise"
pōʻailani,9,noun,1,1,poailani,horizon
pūnaewele,9,noun,0,1,punaewele,network
waonahele,9,noun,0,0,waonahele,jungle
wilipuaʻa,9,noun,1,0,wilipuaa,"corkscrew, auger"
āhinahina,9,noun,0,1,ahinahina,grey (color)
ʻAikupika,9,verb,1,0,aikupika,"Egyptian (of, from or relating to Egypt)"
ʻAlekelia,9,noun,1,0,alekelia,Algerian (native or inhabitant of Algeria)
ʻAlepania,9,noun,1,0,alepania,"Albanian, a resident or native of Albania"
ʻEsetonia,9,noun,1,0,esetonia,an Estonian
ʻaikalima,9,noun,1,0,aikalima,ice cream
ʻailakele,9,noun,1,0,ailakele,fat
ʻaiāpuaʻa,9,verb,1,1,aiapuaa,to eat like a pig; to eat greedily
ʻakaʻakai,9,noun,1,0,akaakai,A slender grass once used for thatching houses in Hawaii (Schoenoplectus tabernaemontani)
ʻekalekia,9,noun,1,0,ekalekia,church (organization)
ʻenekinia,9,noun,1,0,enekinia,engineer
ʻoumuamua,9,noun,1,0,oumuamua,scout; leader (as in battle or activity); messenger
ʻōkolehao,9,noun,1,1,okolehao,iron try-pot still
ʻōnaehana,9,noun,1,1,onaehana,system
halemākaʻi,10,noun,1,1,halemakai,police station
hanuāpuaʻa,10,verb,1,1,hanuapuaa,"to breathe heavily, gasp"
hiʻohiʻona,10,noun,1,0,hiohiona,features
holoholona,10,noun,0,0,holoholona,animal
hoʻohanini,10,verb,1,0,hoohanini,to cause to overflow
hoʻoikaika,10,verb,1,0,hooikaika,"to strive, to strain, to endeavour"
hoʻokolohe,10,verb,1,0,hookolohe,"to make mischief, to play pranks"
hoʻokāhāhā,10,verb,1,1,hookahaha,to cause astonishment
hoʻomakaʻu,10,verb,1,0,hoomakau,to frighten
hoʻomalolo,10,verb,1,0,hoomalolo,"to pause work, to adjourn, to take a break"
hoʻomanaʻo,10,verb,1,0,hoomanao,to remember
hoʻomomona,10,verb,1,0,hoomomona,to fatten
hoʻomākonā,10,verb,1,1,hoomakona,to act mean
hoʻomāʻona,10,verb,1,1,hoomaona,to eat one's fill
hoʻonuinui,10,verb,1,0,hoonuinui,to use threatening language without carrying out the threat
hoʻopalaka,10,verb,1,0,hoopalaka,to feign indifference
hoʻopōhaku,10,verb,1,1,hoopohaku,"to harden, to petrify"
hoʻopūhili,10,verb,1,1,hoopuhili,to blow in gusts from varying directions
hoʻouluhua,10,verb,1,0,hoouluhua,"to annoy, to vex"
hoʻowahine,10,verb,1,0,hoowahine,to act like a woman
hoʻākoakoa,10,verb,1,1,hoakoakoa,"to assemble, to congregate"
hulipoepoe,10,noun,0,0,hulipoepoe,globe (model of the Earth)
hāloliʻili,10,verb,1,1,haloliili,"idle, useless, lazy"
hōʻikeʻike,10,verb,1,1,hoikeike,"to exhibit, to display"
kaikuahine,10,noun,0,0,kaikuahine,sister
kaikuaʻana,10,noun,1,0,kaikuaana,older sibling
kanapapiki,10,noun,0,0,kanapapiki,son of a bitch
kukuluaeʻo,10,noun,1,0,kukuluaeo,A species of stilt (bird) native to Hawaii (Himantopus knudseni)
kāhulihuli,10,verb,0,1,kahulihuli,"to sway, to totter"
kūʻonoʻono,10,verb,1,1,kuonoono,"well-off, well-supplied"
lepupalika,10,noun,0,0,lepupalika,republic
makaaniani,10,noun,0,0,makaaniani,"eyeglasses, spectacles"
makanahele,10,verb,0,0,makanahele,"wild, untamed"
makapiapia,10,noun,0,0,makapiapia,"eye discharge, eye mucus"
makemakika,10,noun,0,0,makemakika,mathematics
manakanika,10,noun,0,0,manakanika,manganese (chemical element)
manaʻolana,10,noun,1,0,manaolana,hope
manaʻoʻiʻo,10,noun,1,0,manaoio,"faith, confidence"
manuhelekū,10,noun,0,1,manuheleku,penguin
moʻowaiwai,10,noun,1,0,moowaiwai,account (as in a bank)
mākaʻikaʻi,10,verb,1,1,makaikai,"to visit, to sight-see, to go on a tour"
mākaʻukaʻu,10,verb,1,1,makaukau,"frightened, afraid"
mākolukolu,10,verb,0,1,makolukolu,chubby
mālamalama,10,noun,0,1,malamalama,clarity
māloʻeloʻe,10,verb,1,1,maloeloe,"tired, exhausted"
māluhiluhi,10,verb,0,1,maluhiluhi,"tired, worn out"
nāhelehele,10,noun,0,1,nahelehele,"weeds, undergrowth"
pelekikena,10,noun,0,0,pelekikena,president
polalauahi,10,noun,0,0,polalauahi,vog
pāpāʻōlelo,10,noun,1,1,papaolelo,conversation
pīlalilali,10,verb,0,1,pilalilali,"sticky, gummy"
pōpaʻipaʻi,10,noun,1,1,popaipai,volleyball (sport)
pūhenehene,10,noun,0,1,puhenehene,a guessing game in which players have to guess which player has a piece of wood (the noʻa) concealed on their person
pūkonakona,10,verb,0,1,pukonakona,"muscular, husky"
pūʻoheʻohe,10,noun,1,1,puoheohe,Job's tears
ʻAukekulia,10,verb,1,0,aukekulia,Austrian
ʻahaʻōlelo,10,noun,1,1,ahaolelo,"legislature, assembly, council"
ʻakepeuʻie,10,noun,1,0,akepeuie,"Oʻahu ʻākepa, a bird of species Loxops wolstenholmei"
ʻalakenika,10,noun,1,0,alakenika,arsenic (chemical element)
ʻalemanaka,10,noun,1,0,alemanaka,"almanac, calendar"
ʻaluminuma,10,noun,1,0,aluminuma,aluminum (chemical element)
ʻauipaʻewa,10,noun,1,0,auipaewa,dative case
ʻelemakule,10,noun,1,0,elemakule,old man
ʻokekelika,10,noun,1,0,okekelika,ostrich
ʻokomopila,10,noun,1,0,okomopila,car
ʻumikūmāhā,10,num,1,1,umikumaha,fourteen
ʻākulikuli,10,noun,1,1,akulikuli,shoreline purslane (Sesuvium portulacastrum)
ʻālohilohi,10,verb,1,1,alohilohi,"radiant, shining"
ʻāpikipiki,10,verb,1,1,apikipiki,"troubled, agitated"
ʻōhuluhulu,10,verb,1,1,ohuluhulu,"hairy, shaggy"
ʻōmalumalu,10,verb,1,1,omalumalu,to be cloudy
ʻōmaʻimaʻi,10,verb,1,1,omaimai,chronically ill
ʻōmaʻomaʻo,10,noun,1,1,omaomao,emerald
ʻōniʻoniʻo,10,verb,1,1,onionio,to be striped
ʻōpakapaka,10,noun,1,1,opakapaka,crimson jobfish (Pristipomoides filamentosus)
ʻōpeʻapeʻa,10,noun,1,1,opeapea,"Lasiurus semotus, a Hawaiian bat (endemic to the Hawaiian Islands)"
ʻōpikipiki,10,noun,1,1,opikipiki,anxiety
ʻōpulepule,10,verb,1,1,opulepule,"spotted, speckled, mottled"
hoʻokolohua,11,noun,1,0,hookolohua,experiment
hoʻolaukōnā,11,verb,1,1,hoolaukona,"to treat mercilessly, to oppress"
hoʻomaikaʻi,11,intj,1,0,hoomaikai,congratulations
hoʻomaopopo,11,verb,1,0,hoomaopopo,to understand
hoʻopaʻahao,11,verb,1,0,hoopaahao,"to imprison, to take prisoner"
kaikamahine,11,noun,0,0,kaikamahine,girl
kalenekalio,11,noun,0,0,kalenekalio,calendar
kumukānāwai,11,noun,0,1,kumukanawai,constitution
kālaimeaola,11,noun,0,1,kalaimeaola,biology
lokomaikaʻi,11,noun,1,0,lokomaikai,good will
makanekiuma,11,noun,0,0,makanekiuma,magnesium (chemical element)
waihoʻoluʻu,11,noun,1,0,waihooluu,"dye, colorant to submerge fabrics in"
ʻInidonesia,11,verb,1,0,inidonesia,Indonesian
ʻumikūmāiwa,11,num,1,1,umikumaiwa,nineteen
ʻumikūmālua,11,num,1,1,umikumalua,twelve
ʻumikūmāono,11,num,1,1,umikumaono,sixteen
Banagaladesa,12,verb,0,0,banagaladesa,Bangladeshi
hoʻohalahala,12,verb,1,0,hoohalahala,to correct
hoʻohanohano,12,verb,1,0,hoohanohano,"to honor, to glorify"
hoʻohaʻalulu,12,verb,1,0,hoohaalulu,to cause to shake
hoʻohelehele,12,verb,1,0,hoohelehele,to walk (take for a walk)
hoʻoholoholo,12,verb,1,0,hooholoholo,"to take someone on a walk, to escort"
hoʻokamaliʻi,12,verb,1,0,hookamalii,to be childish
hoʻokaʻawale,12,verb,1,0,hookaawale,"to separate, to set aside, to segregate"
hoʻokiʻekiʻe,12,verb,1,0,hookiekie,to elevate
hoʻokoʻokoʻo,12,verb,1,0,hookookoo,to push
hoʻokuaʻāina,12,verb,1,1,hookuaaina,to act like someone from the countryside
hoʻolimalima,12,verb,1,0,hoolimalima,"to rent, to lease (by an owner, to a tenant)"
hoʻomalihini,12,verb,1,0,hoomalihini,to act as a guest or visitor
hoʻomaʻalahi,12,verb,1,0,hoomaalahi,to simplify
hoʻomaʻamaʻa,12,verb,1,0,hoomaamaa,"to practice, to train, to drill"
hoʻomaʻemaʻe,12,verb,1,0,hoomaemae,"to clean, cause to be clean, cleanse"
hoʻomikanele,12,verb,1,0,hoomikanele,to act like or as a missionary
hoʻomākaukau,12,verb,1,1,hoomakaukau,"to make ready, to prepare"
hoʻomākeʻaka,12,verb,1,1,hoomakeaka,to cause laughter
hoʻomālielie,12,verb,1,1,hoomalielie,"to comfort, to soothe"
hoʻonaʻanaʻa,12,verb,1,0,hoonaanaa,to protrude
hoʻopelapela,12,verb,1,0,hoopelapela,"to befoul, soil, make dirty or filthy, to pollute"
hoʻoponopono,12,verb,1,0,hooponopono,"to correct, to revise"
hoʻopumehana,12,verb,1,0,hoopumehana,"to warm (up), to heat"
hoʻoʻulaʻula,12,verb,1,0,hooulaula,to redden
hōʻelemakule,12,verb,1,1,hoelemakule,to behave like an old man
kaumokuʻāina,12,noun,1,1,kaumokuaina,country
kiʻiʻoniʻoni,12,noun,1,0,kiionioni,"movie, moving picture, film"
kālaikūlohea,12,noun,0,1,kalaikulohea,physics
lepelepeamoa,12,noun,0,0,lepelepeamoa,Selaginella arbusculla (variety of spike moss used in leis)
maipoinaiaʻu,12,noun,1,0,maipoinaiau,forget-me-not (flower)
pahupaʻikiʻi,12,noun,1,0,pahupaikii,camera
pūnāwelewele,12,noun,0,1,punawelewele,spider
waiūhakuhaku,12,noun,0,1,waiuhakuhaku,cottage cheese
ʻApekanikana,12,noun,1,0,apekanikana,Afghan (native or inhabitant of Afghanistan)
ʻumikūmāhiku,12,num,1,1,umikumahiku,seventeen
ʻumikūmākahi,12,num,1,1,umikumakahi,eleven
ʻumikūmākolu,12,num,1,1,umikumakolu,thirteen
ʻumikūmālima,12,num,1,1,umikumalima,fifteen
ʻumikūmāwalu,12,num,1,1,umikumawalu,eighteen
hoʻopaʻanaʻau,13,verb,1,0,hoopaanaau,to memorize
kūlanakauhale,13,noun,0,1,kulanakauhale,"city, town, village (a general term)"
ʻāinapuniʻole,13,noun,1,1,ainapuniole,continent
hoʻomākaʻukaʻu,14,verb,1,1,hoomakaukau,to frighten
ʻālapakonakolu,14,noun,1,1,alapakonakolu,triathlon
ʻālapakonalima,14,noun,1,1,alapakonalima,pentathlon
ʻālapakonaʻumi,14,noun,1,1,alapakonaumi,decathlon
kālaimeaolahune,15,noun,0,1,kalaimeaolahune,microbiology
humuhumunukunukuāpuaʻa,22,noun,1,1,humuhumunukunukuapuaa,"reef triggerfish, humuhumunukunukuapuaa"
